booking_id,passenger_id,flight_id,booking_date,status,seat_number,passport_hash,emergency_contact_phone_masked
B1000,P1591,AI192,2025-06-14 11:37:36.951,CANCELLED,3D,50cb38b0cfcc8496,XXXXXX5128
B1001,P1803,6F026,2025-11-02 11:37:36.951,CANCELLED,18A,e6a00ecf8549349c,XXXXXX8662
B1002,P1083,SJ010,2025-08-25 11:37:36.951,CANCELLED,30C,11e59a6a94bd8174,XXXXXX8220
B1003,P1364,AI069,2025-12-30 11:37:36.951,CONFIRMED,33A,befcdb739ed6246e,XXXXXX6839
B1004,P1885,UK003,2025-10-02 11:37:36.951,PENDING,25C,c1d412afedd9dca0,XXXXXX8266
B1005,P1548,AI048,2025-08-31 11:37:36.951,CONFIRMED,13D,dec6f181709a0599,XXXXXX2726
B1006,P1341,AI140,2025-06-29 11:37:36.951,CANCELLED,17F,6d2a079f55c1882f,XXXXXX7864
B1007,P1838,UK167,2026-03-12 11:37:36.951,CONFIRMED,22E,0689df317f67c53a,XXXXXX5776
B1008,P1406,AI245,2025-09-07 11:37:36.951,PENDING,34F,2cbfd64773848c8f,XXXXXX8807
B1009,P1424,SJ158,2025-04-28 11:37:36.951,CANCELLED,33C,947c519d006ec789,XXXXXX6278
B1010,P1743,AI155,2025-11-24 11:37:36.951,CONFIRMED,15B,3651fd5fa6d7eddf,XXXXXX9414
B1011,P1092,AI179,2025-10-25 11:37:36.951,CONFIRMED,22C,f7bed5b79a51322f,XXXXXX6153
B1012,P1847,AI137,2025-08-15 11:37:36.951,PENDING,28B,2837c782aa6678da,XXXXXX6860
B1013,P1613,SJ001,2025-07-20 11:37:36.951,CONFIRMED,26E,4c7144045e5f8e80,XXXXXX6561
B1014,P1411,SJ172,2025-09-15 11:37:36.951,PENDING,21E,d2920bd00176db11,XXXXXX9979
B1015,P1431,UK094,2025-10-21 11:37:36.951,UNKNOWN,6F,9048d6b4de32664f,XXXXXX5012
B1016,P1677,UK027,2026-01-13 11:37:36.951,CANCELLED,6A,8cddb68837ca39e2,XXXXXX0204
B1017,P1158,UK067,2026-04-04 11:37:36.951,CONFIRMED,13B,3bc3f45ccb72b39b,XXXXXX8257
B1018,P1013,6F196,2026-03-25 11:37:36.951,CANCELLED,19B,2ec5b8dbed1160b7,XXXXXX0106
B1019,P1372,6F164,2025-07-31 11:37:36.951,CANCELLED,19A,b091c2e95251f012,XXXXXX0835
B1020,P1224,SJ112,2025-12-06 11:37:36.951,CONFIRMED,27B,09b478aaf8bcacea,XXXXXX6249
B1021,P1504,6F190,2025-12-07 11:37:36.951,CANCELLED,4E,2fa0a80216e9577a,XXXXXX0161
B1022,P1072,AI080,2026-03-25 11:37:36.951,CONFIRMED,16F,06fbbdf6ec273729,XXXXXX7221
B1023,P1248,6F213,2026-02-03 11:37:36.951,PENDING,24B,273db990725f848e,XXXXXX9325
B1024,P1510,AI115,2025-06-21 11:37:36.951,PENDING,30F,3e2183bee5f4f159,XXXXXX8072
B1025,P1602,SJ049,2026-03-18 11:37:36.951,PENDING,1B,cf71de76556fada2,XXXXXX2966
B1026,P1215,AI058,2025-06-27 11:37:36.951,CONFIRMED,32C,6ba5d48c06d73bbe,XXXXXX6345
B1027,P1972,UK036,2025-07-25 11:37:36.951,CONFIRMED,22A,437001f8a7397eac,XXXXXX0795
B1028,P1601,SJ239,2025-05-25 11:37:36.951,CANCELLED,26E,5c05585357e6cafd,XXXXXX0757
B1029,P1540,6F025,2025-06-06 11:37:36.951,CANCELLED,19C,21d53f91af358179,XXXXXX4016
B1030,P1946,6F236,2026-03-18 11:37:36.951,CANCELLED,21E,c57db3c71f17ce15,XXXXXX1429
B1031,P1816,AI060,2025-11-16 11:37:36.951,CANCELLED,1E,f4af6827d0aaea2a,XXXXXX3949
B1032,P1938,UK021,2025-09-03 11:37:36.951,CANCELLED,18E,1d40d879be52e004,XXXXXX8599
B1033,P1987,UK026,2025-05-06 11:37:36.951,UNKNOWN,19A,5f8caab24274e5ad,XXXXXX4041
B1034,P1219,SJ179,2025-12-31 11:37:36.951,CONFIRMED,22F,1b087d0f5bacf046,XXXXXX0606
B1035,P1839,6F251,2025-08-21 11:37:36.951,PENDING,11D,515df1986ac9c285,XXXXXX1517
B1036,P1726,SJ149,2025-11-24 11:37:36.951,PENDING,5B,62c0931235a51f65,XXXXXX3647
B1037,P1220,AI188,2026-03-20 11:37:36.951,PENDING,33E,cad80fb4d6832287,XXXXXX5418
B1038,P1388,SJ093,2026-01-01 11:37:36.951,PENDING,12D,42e14d91691a1f01,XXXXXX6192
B1039,P1553,SJ205,2025-08-21 11:37:36.951,CONFIRMED,11E,a3e8613c889b8ef9,XXXXXX9854
B1040,P1646,6F099,2025-08-08 11:37:36.951,CONFIRMED,26B,c92ed7be3189863f,XXXXXX5230
B1041,P1041,UK176,2025-05-28 11:37:36.951,CONFIRMED,25C,ca46d489b5dffaa4,XXXXXX6035
B1042,P1675,UK200,2025-12-02 11:37:36.951,CANCELLED,24F,28cbb36068441453,XXXXXX5890
B1043,P1872,6F195,2025-11-22 11:37:36.951,CANCELLED,8E,6ce6ff5d2f67295a,XXXXXX1388
B1044,P1282,6F174,2026-04-12 11:37:36.951,PENDING,16C,a881da1c3c0454f4,XXXXXX0954
B1045,P1057,SJ214,2026-03-19 11:37:36.951,UNKNOWN,18C,cad71ae76c949305,XXXXXX3432
B1046,P1813,UK059,2025-10-14 11:37:36.951,CONFIRMED,2C,005bf737508b5fff,XXXXXX1874
B1047,P1833,6F151,2025-12-29 11:37:36.951,PENDING,7C,cc61752ca32ab349,XXXXXX4608
B1048,P1536,SJ236,2025-09-19 11:37:36.951,PENDING,18C,f87e072dddaa4e3c,XXXXXX4278
B1049,P1072,SJ153,2025-07-28 11:37:36.951,UNKNOWN,3C,831eda90fc69e23c,XXXXXX3067
B1050,P1884,AI220,2026-01-15 11:37:36.951,PENDING,7D,2ef08028f6e5c626,XXXXXX4482
B1051,P1922,6F028,2025-07-05 11:37:36.951,CANCELLED,16A,36eae9d29fd38309,XXXXXX6443
B1052,P1128,UK209,2025-12-30 11:37:36.951,CANCELLED,33B,9af21435b26fb675,XXXXXX6326
B1053,P1598,UK216,2026-04-01 11:37:36.951,PENDING,28B,e3a949cd694a2133,XXXXXX5009
B1054,P1841,AI132,2026-04-11 11:37:36.951,CANCELLED,19C,4992731100a577d4,XXXXXX8191
B1055,P1425,6F012,2025-10-14 11:37:36.951,CANCELLED,13F,555663ac2360829f,XXXXXX7684
B1056,P1947,UK173,2026-03-24 11:37:36.951,CANCELLED,15B,2f797db389f130dc,XXXXXX6381
B1057,P1664,SJ047,2025-08-20 11:37:36.951,CANCELLED,14F,75cefbec66047960,XXXXXX4263
B1058,P1693,SJ043,2025-12-07 11:37:36.951,PENDING,8C,767faf10f6b84149,XXXXXX4081
B1059,P1124,UK140,2026-01-03 11:37:36.951,CONFIRMED,23B,35e021da44f853f9,XXXXXX0433
B1060,P1066,6F086,2025-12-30 11:37:36.951,CONFIRMED,11A,2d92b7bd81d35cae,XXXXXX7113
B1061,P1005,6F114,2026-04-05 11:37:36.951,CANCELLED,19C,8b95844e76cc5b90,XXXXXX7530
B1062,P1636,UK153,2025-06-12 11:37:36.951,CANCELLED,15D,423f67ec2c3ae8f4,XXXXXX7050
B1063,P1313,6F149,2025-05-19 11:37:36.951,CANCELLED,9A,598ff01acbf6bc2c,XXXXXX0081
B1064,P1325,UK145,2025-09-14 11:37:36.951,CONFIRMED,24E,554f3946f31ccac3,XXXXXX2918
B1065,P1564,UK010,2026-03-06 11:37:36.951,CANCELLED,7B,a7b20b2471bb6934,XXXXXX8991
B1066,P1577,SJ003,2025-11-05 11:37:36.951,PENDING,1B,0681dbef5bd4634d,XXXXXX8025
B1067,P1825,SJ160,2025-07-23 11:37:36.951,PENDING,7F,d1890f8e9ebb65dd,XXXXXX9825
B1068,P1505,UK224,2025-11-22 11:37:36.951,PENDING,23A,1f33349871daea9d,XXXXXX9882
B1069,P1081,UK152,2025-08-02 11:37:36.951,CONFIRMED,16E,e7a5e875c7d36af5,XXXXXX6369
B1070,P1598,SJ034,2025-09-22 11:37:36.951,CANCELLED,15D,3fe54a1dc4b0cdf1,XXXXXX3428
B1071,P1001,UK215,2025-12-21 11:37:36.951,CANCELLED,15F,c005329db674b6a0,XXXXXX0870
B1072,P1203,UK089,2025-08-10 11:37:36.951,CANCELLED,18F,4f5241fe8ad9459d,XXXXXX2708
B1073,P1661,6F180,2025-12-04 11:37:36.951,CONFIRMED,16A,402f291ebe3fa571,XXXXXX4571
B1074,P1804,6F188,2025-09-25 11:37:36.951,CONFIRMED,7A,4076ad6f12f09bf1,XXXXXX6104
B1075,P1403,UK131,2026-01-03 11:37:36.951,CONFIRMED,2F,ab3293c825063d9f,XXXXXX7796
B1076,P1102,UK055,2025-05-04 11:37:36.951,CONFIRMED,12B,885da79aaab26524,XXXXXX9350
B1077,P1535,UK181,2025-05-03 11:37:36.951,PENDING,3A,a57b39e97f3e0d89,XXXXXX9292
B1078,P1367,6F077,2025-09-21 11:37:36.951,CONFIRMED,1B,0b13c678799a4b39,XXXXXX0016
B1079,P1211,SJ085,2025-06-03 11:37:36.951,CONFIRMED,10D,4b59aed00e3e288a,XXXXXX8019
B1080,P1576,SJ023,2025-06-05 11:37:36.951,CONFIRMED,22D,4342469cc2ece9c1,XXXXXX0958
B1081,P1960,SJ202,2025-11-13 11:37:36.951,CANCELLED,29C,19b361ee6b4db3ad,XXXXXX8400
B1082,P1208,SJ150,2025-09-09 11:37:36.951,CANCELLED,30A,bed2e8330b1502bb,XXXXXX4669
B1083,P1762,SJ116,2025-05-12 11:37:36.951,CANCELLED,9A,0427d3e48a50c2a7,XXXXXX4087
B1084,P1896,6F270,2025-06-14 11:37:36.951,PENDING,16E,f4b101c92ad0c2b6,XXXXXX8688
B1085,P1116,UK150,2026-03-24 11:37:36.951,PENDING,12A,e8e2699a0f9a7ae9,XXXXXX9329
B1086,P1627,SJ237,2026-02-16 11:37:36.951,CONFIRMED,5D,3cbfb5860f332cb0,XXXXXX3483
B1087,P1748,AI221,2025-05-08 11:37:36.951,CANCELLED,2F,611f2bc1cbc5fbe1,XXXXXX8674
B1088,P1477,SJ081,2026-03-25 11:37:36.951,PENDING,31A,31cd1c4ce0b119b3,XXXXXX7433
B1089,P1104,UK189,2025-09-03 11:37:36.951,CANCELLED,25F,c6aa33e629dc62c9,XXXXXX1422
B1090,P1494,SJ068,2025-05-16 11:37:36.951,PENDING,31C,bb5247051fffc58e,XXXXXX1775
B1091,P1770,6F043,2025-08-18 11:37:36.951,PENDING,25D,6c19d898b47fecd5,XXXXXX1387
B1092,P1045,UK187,2026-03-18 11:37:36.951,CONFIRMED,16D,3075778e1780e763,XXXXXX6973
B1093,P1822,UK074,2025-05-11 11:37:36.951,CONFIRMED,25E,a75fcf66e46d7eb3,XXXXXX0231
B1094,P1330,UK004,2026-01-07 11:37:36.951,PENDING,24C,42e44806c1a42631,XXXXXX7557
B1095,P1215,6F194,2025-07-30 11:37:36.951,CONFIRMED,14B,e8b3f542447772d6,XXXXXX2655
B1096,P1981,UK068,2026-01-03 11:37:36.951,PENDING,12B,5b7b821ded41622f,XXXXXX8767
B1097,P1959,6F017,2025-08-26 11:37:36.951,UNKNOWN,34F,9ce5aea1c021b5da,XXXXXX9257
B1098,P1491,6F245,2025-10-15 11:37:36.951,UNKNOWN,13D,3c7fe669e9d0eb59,XXXXXX0675
B1099,P1812,6F254,2025-12-07 11:37:36.951,CONFIRMED,26E,43a6e75da0290735,XXXXXX5408
B1100,P1921,UK077,2026-03-05 11:37:36.951,CONFIRMED,16D,c46a8029eb90709b,XXXXXX2423
B1101,P1844,AI029,2025-07-19 11:37:36.951,CONFIRMED,3D,b2fdcf378140f00f,XXXXXX0041
B1102,P1448,SJ196,2025-10-06 11:37:36.951,UNKNOWN,15F,4c4ec13abcf90425,XXXXXX7824
B1103,P1535,AI242,2025-08-08 11:37:36.951,CANCELLED,20D,12c2e7aa98bf37ad,XXXXXX0195
B1104,P1510,AI242,2025-09-12 11:37:36.951,CANCELLED,16E,17c7b2a5887f8fac,XXXXXX1992
B1105,P1457,SJ044,2025-09-11 11:37:36.951,CONFIRMED,19F,790dec6a587f3855,XXXXXX2865
B1106,P1546,UK063,2025-09-01 11:37:36.951,CONFIRMED,21F,8c3567a98fe131d5,XXXXXX7368
B1107,P1535,AI056,2025-05-19 11:37:36.951,CONFIRMED,30F,b1e920b0e2e2fddb,XXXXXX1339
B1108,P1539,UK207,2025-10-11 11:37:36.951,CANCELLED,14B,d109b8a1d1fdc798,XXXXXX0049
B1109,P1483,UK166,2025-12-03 11:37:36.951,CANCELLED,33D,c8d21b8cf9768910,XXXXXX1363
B1110,P1975,6F261,2025-12-17 11:37:36.951,PENDING,12B,3f30c2195578061e,XXXXXX8743
B1111,P1999,UK134,2025-12-25 11:37:36.951,CANCELLED,34A,0f5cf3c2668403a9,XXXXXX0327
B1112,P1015,6F152,2025-10-02 11:37:36.951,PENDING,27A,4903e120af53ec41,XXXXXX0611
B1113,P1570,SJ089,2025-11-23 11:37:36.951,CONFIRMED,5A,3944db62c465d186,XXXXXX3389
B1114,P1976,6F123,2025-09-26 11:37:36.951,CANCELLED,2E,2c1cb027edf0c83e,XXXXXX8435
B1115,P1242,AI025,2025-08-23 11:37:36.951,CONFIRMED,10A,3fbb061ba8e2dd82,XXXXXX1024
B1116,P1949,6F030,2025-12-05 11:37:36.951,CONFIRMED,19B,dc8653eec47dea99,XXXXXX1177
B1117,P1206,SJ222,2025-09-02 11:37:36.951,CONFIRMED,28F,ae782be8b0f9ebb0,XXXXXX6273
B1118,P1911,UK109,2026-04-03 11:37:36.951,CONFIRMED,34B,6c732668f5cb00bf,XXXXXX2542
B1119,P1270,SJ117,2025-11-25 11:37:36.951,CANCELLED,21F,c37e8613104eb472,XXXXXX5920
B1120,P1760,SJ142,2025-08-12 11:37:36.951,CONFIRMED,12D,e8c13d80cd9afee6,XXXXXX9377
B1121,P1993,SJ142,2025-06-01 11:37:36.951,PENDING,17C,0af661dcff30173d,XXXXXX9980
B1122,P1778,AI030,2025-05-02 11:37:36.951,CANCELLED,20B,1bf0360853623542,XXXXXX0459
B1123,P1704,6F097,2025-09-23 11:37:36.951,CONFIRMED,8A,fca1e20099562b5b,XXXXXX3440
B1124,P1846,6F129,2025-05-23 11:37:36.951,CANCELLED,5C,00a98e981af98780,XXXXXX1753
B1125,P1729,6F181,2026-01-15 11:37:36.951,PENDING,27E,34c30c110c33a5f3,XXXXXX5564
B1126,P1114,AI072,2025-10-20 11:37:36.951,CONFIRMED,10E,d6a6c47725408847,XXXXXX6718
B1127,P1579,SJ154,2025-06-29 11:37:36.951,PENDING,2E,26bcf42e0aec5417,XXXXXX6141
B1128,P1298,AI031,2026-04-08 11:37:36.951,CONFIRMED,10D,e91ee40e8d164e4c,XXXXXX9264
B1129,P1836,AI031,2025-09-18 11:37:36.951,PENDING,26F,2207409257fdf1bb,XXXXXX4894
B1130,P1482,6F158,2025-12-26 11:37:36.951,CONFIRMED,34E,e8cb4f1c96ffbcb1,XXXXXX1553
B1131,P1396,6F184,2025-06-16 11:37:36.951,CANCELLED,1C,3aff2fefc9eee87d,XXXXXX6703
B1132,P1393,UK141,2025-06-20 11:37:36.951,CONFIRMED,10D,ebc7d48ce6456fd2,XXXXXX2875
B1133,P1074,6F168,2025-12-29 11:37:36.951,CANCELLED,23D,b98fc3a9050aadc9,XXXXXX2496
B1134,P1977,6F051,2025-07-28 11:37:36.951,CONFIRMED,34C,605d77e3732264bb,XXXXXX9254
B1135,P1481,6F047,2025-12-02 11:37:36.951,CONFIRMED,20E,aeb0c6cd6f3bb83b,XXXXXX6706
B1136,P1102,UK156,2025-10-26 11:37:36.951,PENDING,28E,c2b621ad87036ec0,XXXXXX2968
B1137,P1296,AI094,2025-09-01 11:37:36.951,PENDING,13E,1985722f2d75488d,XXXXXX1393
B1138,P1177,AI038,2025-07-14 11:37:36.951,PENDING,6C,51f11db19da7e8e4,XXXXXX1934
B1139,P1214,6F255,2026-01-19 11:37:36.951,CONFIRMED,29F,71d6dcd55a240d09,XXXXXX2157
B1140,P1966,SJ025,2026-01-23 11:37:36.951,CONFIRMED,29D,216d3b2fca5c51dd,XXXXXX1700
B1141,P1314,SJ185,2025-10-28 11:37:36.951,CONFIRMED,9C,3b5b7e6cd80c245c,XXXXXX5455
B1142,P1038,6F259,2026-01-21 11:37:36.951,CANCELLED,5C,a9a4c74303b50757,XXXXXX4971
B1143,P1258,6F073,2026-04-07 11:37:36.951,CANCELLED,15A,c389e723bb6e335b,XXXXXX9840
B1144,P1715,AI091,2025-09-26 11:37:36.951,CONFIRMED,6D,2f083af7f856a3f8,XXXXXX7996
B1145,P1006,6F191,2025-08-23 11:37:36.951,PENDING,15D,578445d823ff3a2c,XXXXXX6715
B1146,P1048,UK228,2025-08-30 11:37:36.951,PENDING,25A,03d129526d575bd4,XXXXXX8150
B1147,P1537,6F146,2026-03-25 11:37:36.951,PENDING,11E,14b39c39bdd0f02f,XXXXXX9430
B1148,P1160,6F068,2025-10-13 11:37:36.951,CONFIRMED,19A,b75d45c135a9d8c9,XXXXXX0672
B1149,P1868,SJ218,2026-01-08 11:37:36.951,PENDING,30F,6f8bb9feb2da5880,XXXXXX2528
B1150,P1175,UK083,2025-09-25 11:37:36.951,CONFIRMED,12A,871845db53610398,XXXXXX2234
B1151,P1590,SJ007,2026-01-18 11:37:36.951,CANCELLED,29B,356a97c248bd31a8,XXXXXX9085
B1152,P1001,AI077,2025-08-14 11:37:36.951,PENDING,27A,68946bf41f8d6ae0,XXXXXX8402
B1153,P1894,UK017,2025-12-20 11:37:36.951,CANCELLED,8D,c848912444002a35,XXXXXX9050
B1154,P1454,6F229,2026-02-17 11:37:36.951,PENDING,24A,a033df709283e8de,XXXXXX7005
B1155,P1927,6F074,2025-10-08 11:37:36.951,CONFIRMED,6D,2608580e49e5d8c8,XXXXXX5900
B1156,P1643,SJ088,2026-03-25 11:37:36.951,CONFIRMED,5E,f4e6aa8cc3183d5e,XXXXXX8235
B1157,P1275,SJ167,2025-06-28 11:37:36.951,CONFIRMED,18B,eba83006e071a37c,XXXXXX0380
B1158,P1497,6F234,2025-07-20 11:37:36.951,CONFIRMED,22A,95e7c9c0226f064a,XXXXXX3787
B1159,P1628,UK071,2025-12-10 11:37:36.951,PENDING,22F,c1da1b4b378e9762,XXXXXX1686
B1160,P1675,AI178,2025-11-21 11:37:36.951,CANCELLED,29A,6498518a66e65341,XXXXXX5204
B1161,P1799,UK104,2025-11-14 11:37:36.951,CONFIRMED,12A,ca64e6d70df6ba94,XXXXXX1674
B1162,P1027,AI146,2025-04-22 11:37:36.951,UNKNOWN,32D,7354ce3c195d747c,XXXXXX9690
B1163,P1332,SJ235,2025-11-10 11:37:36.951,CANCELLED,13D,48743654283a19eb,XXXXXX2987
B1164,P1000,6F209,2025-04-24 11:37:36.951,CONFIRMED,24A,98088c28eff629e0,XXXXXX2471
B1165,P1187,AI129,2025-08-20 11:37:36.951,CANCELLED,2F,5595769fe76ae381,XXXXXX2367
B1166,P1055,SJ141,2026-01-23 11:37:36.951,CONFIRMED,34D,0cea3af483534ad2,XXXXXX7690
B1167,P1546,SJ018,2026-02-02 11:37:36.951,CANCELLED,9F,60ab0dbb77339ad2,XXXXXX6854
B1168,P1111,UK120,2025-10-14 11:37:36.951,CANCELLED,11C,cb75298e6a5f6cba,XXXXXX3269
B1169,P1797,AI078,2025-11-15 11:37:36.951,CONFIRMED,11E,17c2096688852520,XXXXXX7397
B1170,P1309,AI079,2025-09-14 11:37:36.951,PENDING,15E,0371ea3e6781f1d9,XXXXXX4039
B1171,P1035,UK087,2025-09-19 11:37:36.951,CANCELLED,21A,1bf4cd1546e5487a,XXXXXX5830
B1172,P1438,UK133,2026-01-17 11:37:36.951,CONFIRMED,8F,63ebd172c85b68e3,XXXXXX9600
B1173,P1728,AI222,2025-06-01 11:37:36.951,CANCELLED,22E,f7d7101f9ced087a,XXXXXX0197
B1174,P1591,6F049,2026-04-12 11:37:36.951,CANCELLED,19D,2b3499ff69fa8bb5,XXXXXX4287
B1175,P1825,6F105,2026-01-29 11:37:36.951,PENDING,27D,f2883fac2e7980d6,XXXXXX0363
B1176,P1594,SJ226,2025-04-17 11:37:36.951,CANCELLED,7C,4ba7ae26ea61ddc5,XXXXXX7327
B1177,P1576,SJ227,2025-07-29 11:37:36.951,CANCELLED,34D,b82f728c7d2e8c7e,XXXXXX0863
B1178,P1324,6F034,2026-02-05 11:37:36.951,CONFIRMED,34E,9fed3adc15efc186,XXXXXX2098
B1179,P1639,SJ078,2025-10-03 11:37:36.951,CONFIRMED,33D,633a2035439d0a14,XXXXXX5466
B1180,P1306,AI240,2026-04-10 11:37:36.951,PENDING,22F,c74e50121e06d289,XXXXXX9558
B1181,P1533,SJ002,2026-03-29 11:37:36.951,CANCELLED,12E,dcd513b04a59202a,XXXXXX9169
B1182,P1727,AI044,2025-08-11 11:37:36.951,CANCELLED,3A,87480fc48623eca6,XXXXXX4521
B1183,P1618,UK076,2025-06-22 11:37:36.951,CANCELLED,8C,eb80641d33d8430a,XXXXXX8652
B1184,P1108,6F232,2025-08-01 11:37:36.951,PENDING,28E,510e4c0245098ac3,XXXXXX6490
B1185,P1371,SJ228,2025-08-16 11:37:36.951,CANCELLED,25E,b480fd35994aa2e2,XXXXXX6542
B1186,P1356,SJ074,2026-04-04 11:37:36.951,CONFIRMED,1B,2e20010f401bd36d,XXXXXX4213
B1187,P1180,UK229,2025-08-04 11:37:36.951,PENDING,7F,bcad294fd4c771d6,XXXXXX5908
B1188,P1355,AI208,2026-04-04 11:37:36.951,CONFIRMED,6A,960b40c73239f32a,XXXXXX9782
B1189,P1675,AI019,2025-11-23 11:37:36.951,CONFIRMED,14F,a9f9ae59b760f957,XXXXXX8556
B1190,P1067,6F029,2025-05-23 11:37:36.951,PENDING,12B,81105627df70c9e9,XXXXXX1523
B1191,P1291,6F018,2025-04-27 11:37:36.951,CONFIRMED,25B,8b0b557bd4ea22af,XXXXXX2358
B1192,P1691,AI059,2025-06-23 11:37:36.951,CANCELLED,7D,bd0c3aacc3c9dc57,XXXXXX5924
B1193,P1180,AI159,2025-05-22 11:37:36.951,PENDING,13D,5863c650c19332ed,XXXXXX0978
B1194,P1465,6F091,2025-07-11 11:37:36.951,CONFIRMED,14F,af1e6fbca2bd3d22,XXXXXX6626
B1195,P1433,6F084,2025-07-20 11:37:36.951,CANCELLED,10B,8e84f1e8ff011a45,XXXXXX6166
B1196,P1463,UK170,2026-01-15 11:37:36.951,CANCELLED,20C,cc311981dec74555,XXXXXX4596
B1197,P1680,UK212,2025-05-19 11:37:36.951,CONFIRMED,2E,e0be2d96c301271a,XXXXXX7338
B1198,P1913,SJ022,2025-06-16 11:37:36.951,UNKNOWN,29A,15c25ade21b2dbef,XXXXXX2983
B1199,P1533,SJ075,2025-12-13 11:37:36.951,PENDING,30E,a4a5e5fb1108dcc8,XXXXXX7632
B1200,P1065,UK177,2025-09-17 11:37:36.951,CONFIRMED,16B,0993e74bff7eee31,XXXXXX8921
B1201,P1020,UK206,2026-02-01 11:37:36.951,CANCELLED,3A,8b096dbeb7ff9422,XXXXXX4055
B1202,P1611,UK079,2025-04-29 11:37:36.951,CANCELLED,29C,e82732abaf87ce07,XXXXXX6263
B1203,P1383,UK040,2025-06-21 11:37:36.951,CONFIRMED,3B,0452c07f23ff10a6,XXXXXX0009
B1204,P1811,AI034,2025-07-25 11:37:36.951,CONFIRMED,30A,e8e3f008ab5555fa,XXXXXX2075
B1205,P1614,UK034,2025-10-18 11:37:36.951,CONFIRMED,23F,c7dafa34e337919a,XXXXXX4339
B1206,P1558,AI088,2025-07-02 11:37:36.951,CONFIRMED,13A,0efef5967c90cb9b,XXXXXX2395
B1207,P1038,AI128,2025-06-11 11:37:36.951,PENDING,26A,7149ee0abe33ca8c,XXXXXX6415
B1208,P1284,SJ052,2025-07-22 11:37:36.951,UNKNOWN,9A,983f75cb74299ffa,XXXXXX2858
B1209,P1821,AI233,2025-12-15 11:37:36.951,PENDING,3A,fc677904de8b522a,XXXXXX6064
B1210,P1601,AI012,2026-01-20 11:37:36.951,PENDING,3C,2f28534ad2a37fd1,XXXXXX4358
B1211,P1596,AI084,2025-07-07 11:37:36.951,CONFIRMED,34A,673916c67a3e72cf,XXXXXX5378
B1212,P1784,6F126,2025-07-08 11:37:36.951,PENDING,34B,c5ae89767babdca2,XXXXXX6819
B1213,P1335,SJ061,2025-06-16 11:37:36.951,CONFIRMED,2E,b66bdc6261803f7b,XXXXXX1107
B1214,P1187,UK194,2025-08-14 11:37:36.951,UNKNOWN,23B,d2c1fddca2f75e7f,XXXXXX9571
B1215,P1670,AI135,2025-08-08 11:37:36.951,CANCELLED,28C,2f0c6519e98846f2,XXXXXX3317
B1216,P1242,6F238,2025-12-09 11:37:36.951,CONFIRMED,10A,86807fbad3b37eae,XXXXXX5129
B1217,P1072,6F092,2026-03-19 11:37:36.951,CANCELLED,32C,6e640d9f602a44a4,XXXXXX8927
B1218,P1478,AI213,2025-11-13 11:37:36.951,PENDING,2D,7457b676b7426b82,XXXXXX3132
B1219,P1973,UK193,2026-02-15 11:37:36.951,CANCELLED,1B,0a6a4c23ba945361,XXXXXX0964
B1220,P1560,6F178,2026-04-04 11:37:36.951,PENDING,29C,2a94a5b0d6247d23,XXXXXX2559
B1221,P1100,AI158,2026-03-06 11:37:36.951,CONFIRMED,19D,c9e997c60f9ef9ce,XXXXXX5218
B1222,P1513,UK208,2026-03-30 11:37:36.951,PENDING,8A,5ff38e020b6dcadf,XXXXXX5907
B1223,P1755,6F056,2026-04-09 11:37:36.951,UNKNOWN,15A,de19165256b0f2f1,XXXXXX4660
B1224,P1175,UK185,2025-10-26 11:37:36.951,CONFIRMED,1E,beecfacac6c553e5,XXXXXX9317
B1225,P1237,AI163,2026-01-13 11:37:36.951,PENDING,4D,79382d580e847fa4,XXXXXX1229
B1226,P1909,AI112,2025-08-23 11:37:36.951,CONFIRMED,15C,c831ddf06bcd4b87,XXXXXX3124
B1227,P1058,AI227,2025-10-23 11:37:36.951,CANCELLED,12A,f7ea09abca12cb4d,XXXXXX8218
B1228,P1864,SJ083,2026-04-17 11:37:36.951,CONFIRMED,29D,f4f650cefc0f0938,XXXXXX2235
B1229,P1098,UK073,2026-02-07 11:37:36.951,CONFIRMED,13F,668ba5e91248db2a,XXXXXX1227
B1230,P1953,6F169,2025-04-29 11:37:36.951,PENDING,6C,e58a5c11159dec17,XXXXXX2051
B1231,P1870,UK154,2026-04-06 11:37:36.951,CANCELLED,27D,59cc5c81e9958b31,XXXXXX5590
B1232,P1953,SJ169,2025-10-06 11:37:36.951,CONFIRMED,32F,7f41767a1eecb4b5,XXXXXX1252
B1233,P1494,6F187,2025-05-13 11:37:36.951,CANCELLED,5F,14001aecefafb22d,XXXXXX9119
B1234,P1946,UK210,2025-11-21 11:37:36.951,CANCELLED,33A,202b28e40a03f441,XXXXXX4349
B1235,P1979,6F250,2025-12-23 11:37:36.951,PENDING,13D,1fc835c38c63e482,XXXXXX0345
B1236,P1513,AI062,2025-07-05 11:37:36.951,CONFIRMED,25A,e093fcae33bcc856,XXXXXX2732
B1237,P1754,AI047,2025-11-16 11:37:36.951,UNKNOWN,15B,8118ea95ff7ddb0c,XXXXXX1042
B1238,P1296,SJ186,2025-10-20 11:37:36.951,UNKNOWN,8E,65e8b88a042b60c2,XXXXXX4048
B1239,P1210,AI217,2025-11-17 11:37:36.951,CANCELLED,30A,eaae8c883dcd941f,XXXXXX8284
B1240,P1122,UK100,2025-12-31 11:37:36.951,CONFIRMED,17A,55198abc98645f7f,XXXXXX5606
B1241,P1228,UK116,2025-12-16 11:37:36.951,CONFIRMED,10A,4844b12269a1ddff,XXXXXX1868
B1242,P1593,6F036,2025-12-01 11:37:36.951,CANCELLED,26C,3e4763de9343998f,XXXXXX3494
B1243,P1655,AI175,2026-01-22 11:37:36.951,CANCELLED,29E,8b20ba660aafb50d,XXXXXX2271
B1244,P1387,UK051,2025-08-18 11:37:36.951,CONFIRMED,27D,157967b5f8f870f7,XXXXXX5439
B1245,P1139,6F201,2026-04-17 11:37:36.951,UNKNOWN,26A,b2aa7d5a999b1b78,XXXXXX9724
B1246,P1540,6F230,2026-04-09 11:37:36.951,CONFIRMED,33B,6478b201eafc1c31,XXXXXX7156
B1247,P1390,SJ138,2025-08-13 11:37:36.951,CANCELLED,15F,265c883f86966671,XXXXXX4867
B1248,P1269,AI246,2026-03-04 11:37:36.951,PENDING,16B,981456ec16afe10d,XXXXXX8805
B1249,P1758,6F179,2025-06-06 11:37:36.951,CANCELLED,26B,41b43eea4675859a,XXXXXX3294
B1250,P1011,6F031,2026-01-28 11:37:36.951,CANCELLED,16F,903003b9cf64fc05,XXXXXX9472
B1251,P1866,UK015,2025-08-30 11:37:36.951,PENDING,29A,a9745f109ed7dc54,XXXXXX0000
B1252,P1388,UK001,2025-04-21 11:37:36.951,CANCELLED,27C,492b910d1fb5f63b,XXXXXX8619
B1253,P1336,6F133,2026-02-27 11:37:36.951,CANCELLED,15E,7a43e2a1bcf05b4a,XXXXXX2911
B1254,P1505,6F143,2025-07-22 11:37:36.951,CANCELLED,5D,578a526cbf6a4384,XXXXXX7840
B1255,P1105,UK165,2025-09-22 11:37:36.951,CANCELLED,23F,04c0be124f782b75,XXXXXX1946
B1256,P1031,6F083,2025-08-10 11:37:36.951,CANCELLED,22B,c2759af31efed0c7,XXXXXX0072
B1257,P1073,AI082,2025-08-19 11:37:36.951,CANCELLED,11C,9002e6fe405c770c,XXXXXX7961
B1258,P1170,AI164,2025-10-28 11:37:36.951,CANCELLED,21F,411f3036a58f3799,XXXXXX9118
B1259,P1848,SJ155,2026-01-19 11:37:36.951,CANCELLED,31F,88b2c9f065a4cfe7,XXXXXX8041
B1260,P1068,AI189,2026-01-04 11:37:36.951,CANCELLED,1D,e998090e8bbbbf4c,XXXXXX9063
B1261,P1812,SJ057,2025-12-21 11:37:36.951,CONFIRMED,34A,3ca55a2a5661da4e,XXXXXX0909
B1262,P1361,SJ198,2025-05-07 11:37:36.951,CONFIRMED,16F,b695d0f44a5a9086,XXXXXX8944
B1263,P1648,6F122,2026-01-03 11:37:36.951,CANCELLED,6C,5f1cc6d5fae59285,XXXXXX8359
B1264,P1432,SJ097,2026-04-15 11:37:36.951,CONFIRMED,12A,27d92146d56b612a,XXXXXX0179
B1265,P1928,UK203,2025-08-06 11:37:36.951,PENDING,28F,8eeda89b333bb47d,XXXXXX3723
B1266,P1995,UK093,2026-01-16 11:37:36.951,CONFIRMED,27F,e6b6111c795b815a,XXXXXX3106
B1267,P1099,AI205,2025-05-21 11:37:36.951,CANCELLED,32A,7fd5532c3e403074,XXXXXX0019
B1268,P1657,AI102,2026-01-16 11:37:36.951,UNKNOWN,12A,02db186b7e34bf04,XXXXXX7177
B1269,P1008,6F046,2025-09-06 11:37:36.951,CONFIRMED,4C,162279d63dd6e67b,XXXXXX0807
B1270,P1573,SJ017,2025-06-02 11:37:36.951,UNKNOWN,22E,af2907eb9b9b6397,XXXXXX2228
B1271,P1696,6F156,2025-10-20 11:37:36.951,PENDING,28B,5bdc804dc8483bb5,XXXXXX3662
B1272,P1028,AI068,2025-07-18 11:37:36.951,PENDING,19A,47a95b4ebce6404b,XXXXXX8311
B1273,P1892,AI150,2025-06-05 11:37:36.951,UNKNOWN,28B,9fb0447bd94fdb51,XXXXXX6375
B1274,P1113,UK008,2025-10-15 11:37:36.951,PENDING,20D,8539880b56b76a57,XXXXXX3571
B1275,P1461,6F166,2025-07-11 11:37:36.951,PENDING,18F,d2c679477711a033,XXXXXX6536
B1276,P1920,6F177,2025-07-15 11:37:36.951,CONFIRMED,1A,43826fc2a48a714e,XXXXXX9840
B1277,P1142,AI196,2026-01-19 11:37:36.951,PENDING,12E,197ac80eebdb1f6f,XXXXXX6223
B1278,P1389,SJ191,2025-08-09 11:37:36.951,CONFIRMED,5B,2a565db356c6e44e,XXXXXX3565
B1279,P1631,6F019,2025-05-10 11:37:36.951,UNKNOWN,28C,8322d55343ded87d,XXXXXX4052
B1280,P1681,AI226,2026-04-12 11:37:36.951,CONFIRMED,33B,a5efd904fa3a2dd2,XXXXXX9514
B1281,P1156,SJ207,2026-01-21 11:37:36.951,CANCELLED,4A,72f0b5c344df404e,XXXXXX9374
B1282,P1334,AI009,2025-12-30 11:37:36.951,CANCELLED,8B,e151c6153df0839e,XXXXXX2151
B1283,P1860,AI103,2025-05-08 11:37:36.951,UNKNOWN,29D,beceafe670f6fe18,XXXXXX7808
B1284,P1259,SJ127,2026-02-22 11:37:36.951,CANCELLED,25F,f5ca928ce6569210,XXXXXX0070
B1285,P1081,UK188,2026-03-26 11:37:36.951,CANCELLED,25B,113990c4e140efdc,XXXXXX8913
B1286,P1753,6F010,2025-09-25 11:37:36.951,UNKNOWN,33B,7a638c7c57eaad8d,XXXXXX3362
B1287,P1440,SJ098,2025-12-13 11:37:36.951,CANCELLED,5F,3bdd4df27d596bba,XXXXXX7930
B1288,P1944,6F058,2025-12-11 11:37:36.951,PENDING,18C,cd9a49c9ae70a77d,XXXXXX4865
B1289,P1171,SJ030,2026-03-23 11:37:36.951,PENDING,24F,550fb3757b94104a,XXXXXX7017
B1290,P1230,UK175,2025-07-26 11:37:36.951,CANCELLED,16F,b721cbb55c012626,XXXXXX9769
B1291,P1719,SJ108,2026-04-01 11:37:36.951,PENDING,28E,1d69a5a82b80539c,XXXXXX7572
B1292,P1074,6F075,2025-08-03 11:37:36.951,CONFIRMED,7C,6e693e02c5f7c6ec,XXXXXX3679
B1293,P1269,UK222,2025-08-31 11:37:36.951,CONFIRMED,25F,d710be7e32f06979,XXXXXX6545
B1294,P1898,6F250,2025-07-13 11:37:36.951,CANCELLED,34B,518ee0e0938e359a,XXXXXX9502
B1295,P1625,AI096,2025-12-29 11:37:36.951,CANCELLED,14B,b85456ea02ea8249,XXXXXX2053
B1296,P1061,AI216,2025-12-23 11:37:36.951,CANCELLED,1B,f246f37b63fb6027,XXXXXX7733
B1297,P1873,6F193,2026-01-23 11:37:36.951,PENDING,8A,9bd14f4dece55352,XXXXXX8361
B1298,P1319,SJ194,2026-01-02 11:37:36.951,PENDING,6C,d1e7d53d6deb9917,XXXXXX2809
B1299,P1101,SJ020,2025-09-11 11:37:36.951,CONFIRMED,16F,3814c772dc9048e7,XXXXXX3217
B1300,P1428,6F070,2025-06-14 11:37:36.951,PENDING,21C,68d66e7f3fa27904,XXXXXX3521
B1301,P1873,AI051,2025-09-03 11:37:36.951,CONFIRMED,12A,f193076ee98ffe2c,XXXXXX4069
B1302,P1721,UK219,2025-12-27 11:37:36.951,PENDING,3D,763411a5217e9544,XXXXXX4089
B1303,P1953,AI235,2025-12-13 11:37:36.951,CONFIRMED,20A,18323465b49444ac,XXXXXX9768
B1304,P1254,6F022,2025-12-13 11:37:36.951,UNKNOWN,18E,5a922ce8676d6203,XXXXXX1700
B1305,P1531,SJ114,2025-09-28 11:37:36.951,PENDING,13C,a9dd7d8afc0ba9ca,XXXXXX9203
B1306,P1569,SJ076,2025-12-01 11:37:36.951,CONFIRMED,30A,79486db67cc2fd29,XXXXXX1450
B1307,P1111,UK227,2026-01-26 11:37:36.951,PENDING,32E,936a5fffa7107468,XXXXXX2614
B1308,P1984,UK135,2025-07-22 11:37:36.951,CANCELLED,30D,ab954febd193a461,XXXXXX2287
B1309,P1312,AI234,2025-05-06 11:37:36.951,CONFIRMED,30F,894e4cf359899f5f,XXXXXX2677
B1310,P1997,6F113,2025-08-20 11:37:36.951,PENDING,5D,e74f52e4b7565221,XXXXXX3222
B1311,P1460,SJ206,2025-11-16 11:37:36.951,PENDING,9D,1c085c7bf8963b99,XXXXXX4288
B1312,P1707,AI015,2026-03-29 11:37:36.951,UNKNOWN,6E,1debbd955bd1ba26,XXXXXX0241
B1313,P1886,6F260,2025-05-16 11:37:36.951,CANCELLED,33E,6056a9feda5fcd89,XXXXXX9760
B1314,P1461,AI061,2025-04-28 11:37:36.951,CONFIRMED,19C,3ea310f267b868bd,XXXXXX8284
B1315,P1864,6F237,2026-03-26 11:37:36.951,PENDING,9C,364f1db4c66e6527,XXXXXX7462
B1316,P1091,SJ099,2026-01-06 11:37:36.951,PENDING,27C,626ce1272c969621,XXXXXX2068
B1317,P1051,SJ146,2026-02-24 11:37:36.951,CANCELLED,21F,9426c5e7ef4ff9ad,XXXXXX9773
B1318,P1804,SJ146,2025-05-23 11:37:36.951,CANCELLED,29B,ef67c53cf7c0f7a5,XXXXXX7023
B1319,P1519,6F071,2025-05-04 11:37:36.951,CONFIRMED,4C,210ddfdc3635a288,XXXXXX1758
B1320,P1811,6F272,2025-08-13 11:37:36.951,PENDING,6C,6e0b24577b0d5bec,XXXXXX1202
B1321,P1097,SJ029,2026-02-12 11:37:36.951,PENDING,13A,055fcd49476c0e93,XXXXXX1866
B1322,P1235,UK084,2025-07-27 11:37:36.951,CONFIRMED,6E,3012af2d23165141,XXXXXX0643
B1323,P1900,SJ048,2026-02-06 11:37:36.951,CONFIRMED,14D,5b7024da08fe3f84,XXXXXX2487
B1324,P1373,AI108,2026-02-04 11:37:36.951,CANCELLED,33B,18e3c3cd9f87f5af,XXXXXX4040
B1325,P1580,SJ134,2025-08-11 11:37:36.951,CANCELLED,3B,d2c403f0fb9bce9b,XXXXXX9747
B1326,P1926,UK146,2025-10-31 11:37:36.951,CONFIRMED,14F,25ea21be23dacd79,XXXXXX8283
B1327,P1556,SJ036,2025-09-24 11:37:36.951,CONFIRMED,26C,b90f97695a5fb412,XXXXXX7662
B1328,P1648,6F202,2025-11-01 11:37:36.951,PENDING,33B,b059fb0059626b1f,XXXXXX9958
B1329,P1233,UK041,2026-02-13 11:37:36.951,CONFIRMED,22C,0e1f1609404666bb,XXXXXX9243
B1330,P1031,6F078,2025-12-06 11:37:36.951,CONFIRMED,23A,7b659cd98f2ed929,XXXXXX6256
B1331,P1288,AI097,2025-07-03 11:37:36.951,PENDING,22C,2a9365eb3b2008de,XXXXXX9583
B1332,P1637,UK159,2026-01-15 11:37:36.951,CONFIRMED,7D,77a99f4fb4942298,XXXXXX2108
B1333,P1578,UK044,2025-09-06 11:37:36.951,CANCELLED,12B,0756a6f96ddbd1ff,XXXXXX1145
B1334,P1541,6F176,2025-09-27 11:37:36.951,CANCELLED,6F,cee5a18825df3f8f,XXXXXX9658
B1335,P1113,SJ221,2026-02-11 11:37:36.951,PENDING,4A,2b954319f0bff51e,XXXXXX8680
B1336,P1203,6F112,2025-07-03 11:37:36.951,CONFIRMED,22A,0782d5d8f76d18f9,XXXXXX3059
B1337,P1028,6F246,2025-10-20 11:37:36.951,UNKNOWN,4C,b5d156560f4f9053,XXXXXX6646
B1338,P1642,6F014,2026-02-21 11:37:36.951,CANCELLED,14C,47397a8c403e5871,XXXXXX2453
B1339,P1473,AI237,2025-09-17 11:37:36.951,CANCELLED,28A,5f8ed0f1b49b3af3,XXXXXX9137
B1340,P1696,6F003,2025-12-14 11:37:36.951,CANCELLED,12E,8ff93c06cf6e17f6,XXXXXX0823
B1341,P1252,6F249,2025-07-04 11:37:36.951,CONFIRMED,5A,e55b6a418f782316,XXXXXX1075
B1342,P1797,UK149,2025-04-29 11:37:36.951,CONFIRMED,4A,3cb3154ab043f478,XXXXXX1209
B1343,P1904,SJ163,2026-03-08 11:37:36.951,CONFIRMED,9F,734c9b2b2f5dc963,XXXXXX5104
B1344,P1921,SJ243,2026-03-28 11:37:36.951,CONFIRMED,1D,a55c17e6c3a66d42,XXXXXX5145
B1345,P1385,UK113,2025-06-06 11:37:36.951,CANCELLED,1A,5a46d2fffba8dc1b,XXXXXX7922
B1346,P1061,AI071,2025-06-07 11:37:36.951,PENDING,30E,d0e0031c22263aef,XXXXXX1806
B1347,P1514,6F271,2026-02-07 11:37:36.951,PENDING,22A,6789b984c58e4771,XXXXXX6679
B1348,P1429,SJ015,2025-06-05 11:37:36.951,CANCELLED,27E,778aeed6c2ac61d5,XXXXXX3196
B1349,P1579,UK047,2025-11-19 11:37:36.951,CANCELLED,9E,6a48cebd4cbdfdb5,XXXXXX4833
B1350,P1536,UK020,2026-02-04 11:37:36.951,PENDING,12A,f86267601fcb7c19,XXXXXX8891
B1351,P1690,AI122,2025-09-03 11:37:36.951,PENDING,27F,490c5f937a407bc7,XXXXXX6783
B1352,P1140,UK223,2025-10-20 11:37:36.951,CANCELLED,17D,4388a619482972f4,XXXXXX2884
B1353,P1742,6F148,2025-09-19 11:37:36.951,CANCELLED,15F,a9b0821f85bb18a2,XXXXXX4844
B1354,P1299,SJ162,2025-12-14 11:37:36.951,CONFIRMED,34A,5c3f9438892c330f,XXXXXX9213
B1355,P1674,6F127,2026-03-30 11:37:36.951,CONFIRMED,28B,20c4805b2ce5ef27,XXXXXX1313
B1356,P1310,AI173,2025-11-10 11:37:36.951,PENDING,11F,c82baa1bd60c657b,XXXXXX8460
B1357,P1470,6F065,2026-02-05 11:37:36.951,UNKNOWN,14A,e7bed141634f8f89,XXXXXX9923
B1358,P1392,AI053,2025-06-22 11:37:36.951,PENDING,20A,76fe6f1c945ddd91,XXXXXX0560
B1359,P1641,AI241,2025-10-22 11:37:36.951,CONFIRMED,14E,fd3d314b30ef15c3,XXXXXX8471
B1360,P1444,AI105,2025-06-15 11:37:36.951,UNKNOWN,18D,5f001cf0ddf0b6c5,XXXXXX2317
B1361,P1757,AI110,2025-08-24 11:37:36.951,PENDING,13F,a62ab1fd016d51a8,XXXXXX3821
B1362,P1808,AI252,2025-10-22 11:37:36.951,CONFIRMED,15B,79d5453e57694ac4,XXXXXX7951
B1363,P1171,AI149,2025-12-14 11:37:36.951,CANCELLED,3B,cf79fb4b2ed01b09,XXXXXX7515
B1364,P1575,AI224,2025-09-09 11:37:36.951,PENDING,23F,59c7e20dd41b3cc6,XXXXXX8079
B1365,P1030,UK158,2025-07-03 11:37:36.951,CANCELLED,15B,fcdb3b7cb3a73a0b,XXXXXX0703
B1366,P1046,6F125,2025-05-05 11:37:36.951,CANCELLED,25E,8ca2ec9d8c878887,XXXXXX5252
B1367,P1129,UK164,2025-12-14 11:37:36.951,CONFIRMED,18A,f2e0f6ac4fe05459,XXXXXX0157
B1368,P1351,UK007,2025-12-26 11:37:36.951,CANCELLED,1E,3ab2507fea97cb19,XXXXXX7814
B1369,P1977,6F118,2026-03-18 11:37:36.951,PENDING,15F,d4ff3df3d3aa9868,XXXXXX2076
B1370,P1844,SJ004,2026-01-01 11:37:36.951,CANCELLED,19C,7d385e6516b79efd,XXXXXX3721
B1371,P1621,6F206,2025-09-25 11:37:36.951,CANCELLED,15E,ce54424511d1e664,XXXXXX1602
B1372,P1580,SJ130,2025-05-11 11:37:36.951,CANCELLED,11D,92a226b510b5e65a,XXXXXX2017
B1373,P1057,SJ070,2026-02-14 11:37:36.951,CANCELLED,22F,fb76a1f4c83fb6bb,XXXXXX1304
B1374,P1105,AI085,2025-04-24 11:37:36.951,CANCELLED,7F,b58286d9b40160d2,XXXXXX7223
B1375,P1811,SJ109,2025-09-02 11:37:36.951,CONFIRMED,15B,17d215cc472d6904,XXXXXX9962
B1376,P1329,AI168,2025-08-24 11:37:36.951,PENDING,16B,88c9aaef21fc7f63,XXXXXX9634
B1377,P1767,UK123,2025-10-24 11:37:36.951,CONFIRMED,26A,ccecb0b17cd52ec1,XXXXXX1232
B1378,P1823,UK110,2026-01-16 11:37:36.951,PENDING,30D,36a8753f987431f3,XXXXXX8535
B1379,P1682,AI206,2025-11-02 11:37:36.951,PENDING,31C,91824461c94cf0ed,XXXXXX2178
B1380,P1382,6F007,2026-04-16 11:37:36.951,PENDING,6B,7cb4a9fb4d64f2a4,XXXXXX7743
B1381,P1984,SJ013,2025-11-11 11:37:36.951,PENDING,33A,6458b44cb414142f,XXXXXX3911
B1382,P1161,UK061,2025-09-19 11:37:36.951,PENDING,20D,4e785b0706212f4e,XXXXXX2822
B1383,P1996,AI010,2025-09-24 11:37:36.951,CANCELLED,8C,58921d7cd0d83302,XXXXXX2261
B1384,P1285,AI024,2025-05-16 11:37:36.951,CONFIRMED,11D,70157678bdaa870d,XXXXXX3523
B1385,P1070,UK130,2025-06-08 11:37:36.951,CONFIRMED,30B,b6aac33530bec95b,XXXXXX3433
B1386,P1766,AI161,2026-03-12 11:37:36.951,CANCELLED,10A,7763eb1030f91493,XXXXXX3897
B1387,P1453,SJ208,2025-07-23 11:37:36.951,PENDING,24F,3275f325669544b8,XXXXXX8754
B1388,P1885,6F038,2025-09-23 11:37:36.951,UNKNOWN,8D,086af8f059bd73d6,XXXXXX8221
B1389,P1566,6F085,2026-02-22 11:37:36.951,UNKNOWN,30D,a513a582efeedccf,XXXXXX6220
B1390,P1834,SJ028,2026-03-09 11:37:36.951,CANCELLED,8C,326dde87440b0646,XXXXXX0994
B1391,P1396,SJ084,2025-11-26 11:37:36.951,CONFIRMED,21F,90b833b77654d8b3,XXXXXX8281
B1392,P1514,AI139,2026-03-27 11:37:36.951,CONFIRMED,21D,ee728e20d21cdd53,XXXXXX7852
B1393,P1025,UK179,2026-04-06 11:37:36.951,PENDING,26E,585dd3bd08c099ee,XXXXXX3402
B1394,P1312,6F256,2025-07-23 11:37:36.951,PENDING,23F,53c73264e6b94212,XXXXXX2923
B1395,P1125,UK023,2026-02-10 11:37:36.951,UNKNOWN,23B,fdda1280ef4c0c2b,XXXXXX8777
B1396,P1407,AI039,2025-08-03 11:37:36.951,UNKNOWN,13E,a180d23871d7e7a3,XXXXXX9194
B1397,P1564,UK190,2026-02-05 11:37:36.951,CANCELLED,28D,9f7cff2e50649b37,XXXXXX3359
B1398,P1197,6F224,2026-02-04 11:37:36.951,PENDING,3E,a7a0951468f360c4,XXXXXX2164
B1399,P1810,UK221,2025-05-31 11:37:36.951,PENDING,7A,cd7dbff72080ca58,XXXXXX5517
B1400,P1187,SJ107,2026-04-02 11:37:36.951,CANCELLED,12F,8b3e888d68687cdc,XXXXXX9488
B1401,P1697,UK155,2025-04-20 11:37:36.951,UNKNOWN,21D,f721944d55987c39,XXXXXX6092
B1402,P1816,UK183,2026-03-21 11:37:36.951,CANCELLED,7E,eccd3a9e76a3ce8e,XXXXXX8758
B1403,P1809,SJ203,2025-05-08 11:37:36.951,PENDING,26A,9391b15e9efeb42f,XXXXXX8210
B1404,P1715,6F253,2026-03-07 11:37:36.951,UNKNOWN,16A,5ff31290801662ec,XXXXXX1783
B1405,P1483,AI100,2025-08-26 11:37:36.951,PENDING,32F,bfdeb1255b988484,XXXXXX0547
B1406,P1449,6F140,2025-06-24 11:37:36.951,CONFIRMED,15D,96c2f71880f9756a,XXXXXX4687
B1407,P1522,UK048,2025-08-26 11:37:36.951,CONFIRMED,25A,190ec200d9a4abee,XXXXXX5796
B1408,P1870,SJ204,2025-07-29 11:37:36.951,CONFIRMED,12F,1f23aa80de40be64,XXXXXX5629
B1409,P1353,UK105,2026-03-24 11:37:36.951,CONFIRMED,28C,f818c3d2fb61dcbb,XXXXXX6973
B1410,P1985,AI098,2026-04-13 11:37:36.951,CONFIRMED,32C,6aad2f44ebcd491a,XXXXXX7244
B1411,P1657,6F013,2025-10-12 11:37:36.951,CANCELLED,1A,4b186d64d60fbf42,XXXXXX0131
B1412,P1596,6F128,2025-11-18 11:37:36.951,CANCELLED,28E,65225c100d823389,XXXXXX1987
B1413,P1099,SJ038,2025-10-05 11:37:36.951,UNKNOWN,14A,ea205da9cbbcae0f,XXXXXX3192
B1414,P1615,SJ182,2026-01-07 11:37:36.951,CONFIRMED,25F,a97b8a333bb30499,XXXXXX1680
B1415,P1947,6F199,2026-03-22 11:37:36.951,PENDING,23B,69aade5b683e0767,XXXXXX3723
B1416,P1557,SJ187,2025-08-17 11:37:36.951,CANCELLED,20B,b31c2c295056a081,XXXXXX6446
B1417,P1555,AI182,2025-08-18 11:37:36.951,PENDING,8E,58ce9eaa03b8edb4,XXXXXX7960
B1418,P1277,SJ027,2025-05-04 11:37:36.951,PENDING,19D,49ca3f8e39146db5,XXXXXX4412
B1419,P1692,SJ062,2026-01-20 11:37:36.951,CONFIRMED,20E,71292b719a6366de,XXXXXX8119
B1420,P1698,SJ161,2026-02-24 11:37:36.951,CONFIRMED,27B,8aa2de8e351cc5a8,XXXXXX8349
B1421,P1989,UK058,2025-10-03 11:37:36.951,UNKNOWN,23C,24e57c3f088e25c5,XXXXXX7587
B1422,P1625,AI181,2026-01-04 11:37:36.951,CANCELLED,12D,2847e01e0f84f0ad,XXXXXX9552
B1423,P1490,AI003,2025-06-12 11:37:36.951,CONFIRMED,14A,42d6e89586ed3e93,XXXXXX4983
B1424,P1254,6F150,2025-11-05 11:37:36.951,CANCELLED,11D,5cf7e01bb7cd77bd,XXXXXX4194
B1425,P1380,SJ175,2025-06-28 11:37:36.951,CANCELLED,34E,663fafd3787932af,XXXXXX3711
B1426,P1891,6F041,2025-12-15 11:37:36.951,CANCELLED,17C,27146048a45ee7bb,XXXXXX9164
B1427,P1541,SJ040,2026-04-15 11:37:36.951,CANCELLED,16E,68a3d0922908811f,XXXXXX8098
B1428,P1263,6F020,2025-06-17 11:37:36.951,CONFIRMED,27C,879409cea13093a1,XXXXXX9799
B1429,P1609,AI248,2025-05-08 11:37:36.951,CANCELLED,27B,be1fe123274032f3,XXXXXX1643
B1430,P1824,SJ016,2026-02-08 11:37:36.951,CONFIRMED,11A,bcb40864e8bc9aad,XXXXXX0947
B1431,P1878,UK204,2025-11-21 11:37:36.951,CONFIRMED,31C,531adc3037edc5d1,XXXXXX2572
B1432,P1328,6F211,2025-09-02 11:37:36.951,CANCELLED,9B,5faebbedf7b22f57,XXXXXX8848
B1433,P1114,SJ166,2025-05-07 11:37:36.951,CONFIRMED,5B,5877df1505633052,XXXXXX3703
B1434,P1275,AI036,2025-10-19 11:37:36.951,PENDING,30C,6441395e4c8730d0,XXXXXX8755
B1435,P1487,SJ215,2025-09-18 11:37:36.951,CONFIRMED,1E,11e1401a1bf4a6f7,XXXXXX2470
B1436,P1280,AI076,2026-01-05 11:37:36.951,CONFIRMED,20B,e4bd7452571c724b,XXXXXX9786
B1437,P1274,SJ012,2025-11-28 11:37:36.951,CANCELLED,24A,16f3b53b3c253b6f,XXXXXX6956
B1438,P1772,AI073,2026-04-01 11:37:36.951,UNKNOWN,20D,4b385469320d8217,XXXXXX4578
B1439,P1842,SJ173,2025-11-09 11:37:36.951,CONFIRMED,27E,c5f33ade1191ad16,XXXXXX5093
B1440,P1718,AI193,2026-03-09 11:37:36.951,CANCELLED,25E,1e6bfbe749b1d8e9,XXXXXX2446
B1441,P1895,SJ131,2025-09-22 11:37:36.951,UNKNOWN,13A,8cb8c8a91d20dd18,XXXXXX5768
B1442,P1327,AI225,2025-06-02 11:37:36.951,PENDING,11E,8d2cbea272950b11,XXXXXX2524
B1443,P1210,AI190,2025-10-09 11:37:36.951,CANCELLED,9E,849121f9db105ba9,XXXXXX4504
B1444,P1726,SJ238,2025-12-25 11:37:36.951,CONFIRMED,7B,42c8785df347e0ff,XXXXXX5352
B1445,P1922,6F005,2025-12-21 11:37:36.951,PENDING,5F,fc0febfd2391b8bb,XXXXXX8689
B1446,P1551,UK136,2025-09-25 11:37:36.951,PENDING,23C,8061d30b14fea8f3,XXXXXX0651
B1447,P1991,SJ063,2025-05-21 11:37:36.951,CONFIRMED,15F,37686fc3be214f08,XXXXXX2839
B1448,P1025,6F175,2025-11-21 11:37:36.951,CANCELLED,9E,18ed7dd93eae8305,XXXXXX9801
B1449,P1026,AI037,2025-05-23 11:37:36.951,PENDING,19A,ac772bef099f3cf8,XXXXXX2828
B1450,P1701,UK225,2025-11-11 11:37:36.951,CONFIRMED,21C,8a5875d5bdcc4c1a,XXXXXX7953
B1451,P1082,AI141,2025-05-20 11:37:36.951,CONFIRMED,15E,9a3f52c174e13042,XXXXXX8759
B1452,P1895,6F172,2026-01-26 11:37:36.951,PENDING,3E,2b6c7766cfa6b3a1,XXXXXX8446
B1453,P1945,6F219,2026-02-07 11:37:36.951,CANCELLED,16F,7b391562b8129ee7,XXXXXX4326
B1454,P1681,AI045,2025-08-16 11:37:36.951,PENDING,8E,f0b30e3e5f7c5b37,XXXXXX0104
B1455,P1412,AI198,2026-04-12 11:37:36.951,CONFIRMED,30A,da50a393f3663084,XXXXXX2579
B1456,P1166,AI120,2025-04-24 11:37:36.951,PENDING,17F,782cf7760878c0b5,XXXXXX3796
B1457,P1699,6F134,2025-06-11 11:37:36.951,CANCELLED,32D,ea0c6f45f42b373c,XXXXXX2082
B1458,P1168,UK102,2025-11-19 11:37:36.951,CONFIRMED,10B,b8166129b20e7ca7,XXXXXX3841
B1459,P1800,SJ199,2025-06-10 11:37:36.951,CANCELLED,1F,f0b2c3cce78febde,XXXXXX8817
B1460,P1978,6F235,2025-10-01 11:37:36.951,PENDING,32E,d09ec363a44d3436,XXXXXX9563
B1461,P1228,UK065,2025-10-14 11:37:36.951,PENDING,33F,fe7596620472116e,XXXXXX4497
B1462,P1978,6F135,2025-12-03 11:37:36.951,CANCELLED,26D,f05a96358f870b70,XXXXXX3941
B1463,P1608,SJ148,2026-02-10 11:37:36.951,PENDING,31C,0ea528c8f91c00aa,XXXXXX7988
B1464,P1366,AI083,2026-03-07 11:37:36.951,CANCELLED,6B,4121f55412b58603,XXXXXX5287
B1465,P1527,UK024,2025-07-02 11:37:36.951,PENDING,5C,d08c7e21aee252e5,XXXXXX9035
B1466,P1790,UK220,2025-04-27 11:37:36.951,CANCELLED,28B,8d80ea6fdca042b6,XXXXXX2257
B1467,P1646,UK115,2025-04-30 11:37:36.951,CANCELLED,25A,25a1b5317c7e904c,XXXXXX4253
B1468,P1537,AI255,2025-07-16 11:37:36.951,CONFIRMED,14F,d02ca15887aaef1e,XXXXXX2325
B1469,P1863,6F001,2025-12-25 11:37:36.951,CONFIRMED,11A,97747ce550de9407,XXXXXX6316
B1470,P1523,6F132,2025-05-27 11:37:36.951,CANCELLED,24E,63160b4e7c891623,XXXXXX0375
B1471,P1071,UK184,2026-03-28 11:37:36.951,PENDING,8E,419f3d89334e9562,XXXXXX4844
B1472,P1644,6F098,2025-06-06 11:37:36.951,PENDING,3D,1d5c0ee6ce9c3fa2,XXXXXX1373
B1473,P1105,SJ168,2025-07-19 11:37:36.951,PENDING,21F,7696e92f2cdc65a0,XXXXXX8854
B1474,P1731,SJ178,2025-07-28 11:37:36.951,CANCELLED,14C,f8caaf6eb1a8c55d,XXXXXX6881
B1475,P1884,UK111,2026-03-07 11:37:36.951,CANCELLED,2C,7b5a40fdbbba3896,XXXXXX5334
B1476,P1964,SJ051,2026-02-27 11:37:36.951,CANCELLED,32E,1b058002c37ed088,XXXXXX7876
B1477,P1688,SJ193,2025-07-06 11:37:36.951,CANCELLED,18E,1b7d4fb115941324,XXXXXX4320
B1478,P1281,SJ039,2026-02-24 11:37:36.951,CONFIRMED,28D,df99e809b64ffe33,XXXXXX0683
B1479,P1132,UK066,2025-12-17 11:37:36.951,CANCELLED,22B,98e57b1de82841e4,XXXXXX6229
B1480,P1533,SJ050,2026-03-14 11:37:36.951,PENDING,34B,29b3b0da7b417a77,XXXXXX6905
B1481,P1974,6F052,2025-06-11 11:37:36.951,CONFIRMED,4D,d2b212652d1b96c6,XXXXXX8664
B1482,P1268,SJ170,2025-08-29 11:37:36.951,PENDING,14E,74dadb995916d0e0,XXXXXX6092
B1483,P1411,SJ119,2025-06-09 11:37:36.951,UNKNOWN,26B,d0e85439b67a9bc4,XXXXXX9169
B1484,P1672,AI219,2025-05-07 11:37:36.951,CONFIRMED,13B,f0fad13b30052dcd,XXXXXX6412
B1485,P1618,6F220,2025-07-05 11:37:36.951,CANCELLED,12D,d02af4737a7893f2,XXXXXX6833
B1486,P1790,AI207,2025-05-04 11:37:36.951,CONFIRMED,3D,eb0e1703532e1a3f,XXXXXX7259
B1487,P1864,6F024,2026-01-26 11:37:36.951,PENDING,5E,163b7700c114d51b,XXXXXX2871
B1488,P1746,SJ073,2025-05-04 11:37:36.951,CANCELLED,27E,cfda6ec5b2d7e0da,XXXXXX3418
B1489,P1017,SJ201,2025-07-08 11:37:36.951,CANCELLED,24F,eb4f4092b2244f1b,XXXXXX4879
B1490,P1753,AI180,2026-03-10 11:37:36.951,CONFIRMED,29B,b1e062ce0d7c86a1,XXXXXX2386
B1491,P1116,UK022,2025-07-16 11:37:36.951,CONFIRMED,18F,2f6eec1d1ac70ec6,XXXXXX4694
B1492,P1797,AI202,2026-03-27 11:37:36.951,CANCELLED,29C,dfebf4618aadec13,XXXXXX3773
B1493,P1793,6F212,2025-06-01 11:37:36.952,CONFIRMED,26D,57d1786bef591ed8,XXXXXX0915
B1494,P1143,6F163,2025-06-09 11:37:36.952,CANCELLED,23F,3e3ecdeb69545057,XXXXXX9861
B1495,P1716,UK028,2025-10-15 11:37:36.952,CONFIRMED,27D,605d3c98ef971cae,XXXXXX4823
B1496,P1550,6F243,2026-03-21 11:37:36.952,PENDING,7D,0594e6544efdeab3,XXXXXX9307
B1497,P1928,AI165,2025-09-02 11:37:36.952,CONFIRMED,11F,736fda29d3124f75,XXXXXX3751
B1498,P1665,UK099,2025-07-18 11:37:36.952,PENDING,3D,508aa201a986d809,XXXXXX4113
B1499,P1687,AI033,2025-06-17 11:37:36.952,UNKNOWN,17C,d611a0ff249b00c2,XXXXXX6364
B1500,P1960,UK056,2025-04-30 11:37:36.952,CONFIRMED,22D,3ea72dc9ce37ee1d,XXXXXX5186
B1501,P1752,SJ122,2025-09-04 11:37:36.952,CANCELLED,23D,60ea80d3bf834629,XXXXXX3227
B1502,P1421,AI086,2025-10-15 11:37:36.952,CONFIRMED,23F,f2e5f095ec3f38be,XXXXXX9285
B1503,P1897,SJ011,2025-10-17 11:37:36.952,CONFIRMED,25C,312b368397ceeb3f,XXXXXX3000
B1504,P1368,SJ021,2025-04-21 11:37:36.952,PENDING,4E,6e9d6fc91063aee2,XXXXXX2210
B1505,P1645,SJ106,2025-11-29 11:37:36.952,CONFIRMED,8F,373a97927558d708,XXXXXX8147
B1506,P1557,SJ026,2026-01-29 11:37:36.952,CANCELLED,9E,d88377323cf24343,XXXXXX4300
B1507,P1049,SJ245,2025-11-27 11:37:36.952,PENDING,20A,323454b57f371db4,XXXXXX7266
B1508,P1677,AI023,2025-07-31 11:37:36.952,UNKNOWN,9C,d18d78efa1e5e747,XXXXXX0857
B1509,P1105,AI032,2025-09-25 11:37:36.952,CANCELLED,14F,0b56c225fdf7ef5e,XXXXXX2022
B1510,P1215,AI236,2025-05-11 11:37:36.952,CANCELLED,19F,021e28a19522e26e,XXXXXX4326
B1511,P1657,6F094,2025-12-24 11:37:36.952,CANCELLED,15C,eb3699cf2b66fb33,XXXXXX5952
B1512,P1922,UK163,2025-12-21 11:37:36.952,PENDING,4A,731a210a5fba0c5c,XXXXXX9229
B1513,P1424,UK163,2025-06-30 11:37:36.952,CONFIRMED,32B,ed7d6e26ed601665,XXXXXX9146
B1514,P1071,SJ045,2025-05-07 11:37:36.952,CANCELLED,21E,c82e244dbb1e1815,XXXXXX6774
B1515,P1987,SJ006,2025-07-06 11:37:36.952,PENDING,26A,cb296d8f77021708,XXXXXX1986
B1516,P1841,SJ103,2025-08-05 11:37:36.952,CANCELLED,34F,69bbcafe17e9f053,XXXXXX1214
B1517,P1784,6F221,2026-01-16 11:37:36.952,UNKNOWN,31B,f387b2b203c7f6bc,XXXXXX2215
B1518,P1758,SJ147,2026-03-20 11:37:36.952,UNKNOWN,30A,8f9bc399b42c1535,XXXXXX4061
B1519,P1445,SJ064,2026-03-25 11:37:36.952,PENDING,3C,431d12c68bd55a1f,XXXXXX0765
B1520,P1924,AI028,2026-04-02 11:37:36.952,CONFIRMED,27A,4b1cf4ef1fc3db0e,XXXXXX3299
B1521,P1185,AI148,2025-11-08 11:37:36.952,PENDING,31E,b20ad37d39bea089,XXXXXX9694
B1522,P1069,6F263,2025-08-31 11:37:36.952,CONFIRMED,1C,3cbce21f37cd7353,XXXXXX9631
B1523,P1973,SJ067,2025-05-19 11:37:36.952,PENDING,21F,f6acf052f0c15bb8,XXXXXX3458
B1524,P1149,6F061,2025-06-17 11:37:36.952,PENDING,23D,374e11c9cbf1461e,XXXXXX4363
B1525,P1245,AI254,2025-05-29 11:37:36.952,UNKNOWN,11E,6df09e7ecff00999,XXXXXX3227
B1526,P1773,SJ136,2025-11-15 11:37:36.952,CONFIRMED,17D,6fac792293d8f187,XXXXXX2969
B1527,P1537,AI046,2025-07-09 11:37:36.952,PENDING,8A,235cd62ae60ae799,XXXXXX3822
B1528,P1934,UK174,2026-03-28 11:37:36.952,PENDING,6E,ca776d304eecb5ab,XXXXXX4067
B1529,P1651,6F066,2025-04-30 11:37:36.952,UNKNOWN,34C,e067bc06a04b85d1,XXXXXX8533
B1530,P1098,UK095,2025-12-08 11:37:36.952,UNKNOWN,23E,0630bf4e50c3e607,XXXXXX4054
B1531,P1909,6F063,2026-04-01 11:37:36.952,PENDING,30F,ec831d27c8a6baec,XXXXXX0108
B1532,P1277,UK118,2025-04-22 11:37:36.952,PENDING,30A,c89712005b37bd3b,XXXXXX4314
B1533,P1562,UK218,2025-09-15 11:37:36.952,PENDING,28D,04d455a875d1b7d1,XXXXXX4584
B1534,P1662,UK031,2025-09-11 11:37:36.952,CONFIRMED,34E,00563876dc873709,XXXXXX8286
B1535,P1943,UK142,2026-04-02 11:37:36.952,PENDING,6C,a668887c41e1263a,XXXXXX5314
B1536,P1454,AI002,2025-06-01 11:37:36.952,UNKNOWN,4C,41d676edb7481490,XXXXXX6512
B1537,P1103,UK070,2025-10-08 11:37:36.952,CONFIRMED,21F,d25535ba683f8d09,XXXXXX5625
B1538,P1945,SJ121,2026-03-17 11:37:36.952,PENDING,8E,a0e557e997900a15,XXXXXX9144
B1539,P1600,UK201,2025-06-11 11:37:36.952,CONFIRMED,20B,21fd892df4f45c16,XXXXXX9059
B1540,P1652,AI138,2026-01-15 11:37:36.952,CANCELLED,7E,38fbfa1618f4d0d2,XXXXXX6491
B1541,P1724,SJ014,2025-12-16 11:37:36.952,CONFIRMED,26A,5e47242d7ab9d473,XXXXXX9845
B1542,P1232,SJ053,2025-12-13 11:37:36.952,PENDING,14F,f76799c9cafec076,XXXXXX0037
B1543,P1393,SJ241,2025-06-16 11:37:36.952,CANCELLED,4F,7d6fdb59c16fdd06,XXXXXX0271
B1544,P1500,AI249,2025-09-01 11:37:36.952,CANCELLED,16A,efcf1fd2d88870ec,XXXXXX6093
B1545,P1694,AI176,2026-03-08 11:37:36.952,PENDING,8A,d9980468d64530e6,XXXXXX5520
B1546,P1250,SJ234,2026-04-02 11:37:36.952,PENDING,32B,cc09137b24a0cf36,XXXXXX0567
B1547,P1520,6F115,2025-04-18 11:37:36.952,PENDING,16C,6e9ae320b755a4a4,XXXXXX7207
B1548,P1078,AI020,2025-10-04 11:37:36.952,CONFIRMED,7E,9154f3c1bf0ed64e,XXXXXX2739
B1549,P1051,AI020,2025-12-16 11:37:36.952,CONFIRMED,24A,b1f6c64197aaeb7d,XXXXXX9899
B1550,P1897,6F079,2025-12-06 11:37:36.952,CONFIRMED,10D,0e16024880e59136,XXXXXX8049
B1551,P1920,6F104,2025-11-14 11:37:36.952,UNKNOWN,8E,04e763eb8bd4c509,XXXXXX1188
B1552,P1780,UK046,2026-02-06 11:37:36.952,PENDING,32D,95d41decab950008,XXXXXX5811
B1553,P1225,SJ217,2025-11-15 11:37:36.952,CONFIRMED,33D,d34e4a7c4a3e86a7,XXXXXX1142
B1554,P1050,6F142,2025-08-26 11:37:36.952,CANCELLED,8D,7fc60f1b7acef39e,XXXXXX9652
B1555,P1185,SJ139,2026-04-04 11:37:36.952,CONFIRMED,3B,53fa9f893e5ae2a4,XXXXXX2397
B1556,P1033,6F059,2026-01-18 11:37:36.952,CANCELLED,31D,f56c062724f5639f,XXXXXX2837
B1557,P1802,6F067,2025-08-10 11:37:36.952,PENDING,17A,4b93e1d7710e1930,XXXXXX6950
B1558,P1741,AI007,2025-08-07 11:37:36.952,PENDING,27A,df89d45b3eba3e52,XXXXXX6792
B1559,P1130,UK202,2026-01-20 11:37:36.952,CONFIRMED,5F,4da153ac99a2ecb1,XXXXXX9332
B1560,P1631,AI200,2026-03-07 11:37:36.952,CONFIRMED,18C,fcd9ba36fe52a3ba,XXXXXX1527
B1561,P1442,UK172,2026-01-27 11:37:36.952,PENDING,18C,d1575e6da9936ec4,XXXXXX8123
B1562,P1837,6F214,2025-05-01 11:37:36.952,CONFIRMED,10B,9b98f079f99b5b3a,XXXXXX0671
B1563,P1758,UK037,2025-09-11 11:37:36.952,PENDING,27B,449730ca2d30f514,XXXXXX2002
B1564,P1431,AI022,2025-08-14 11:37:36.952,PENDING,17F,4245f6dc6ec8e5f7,XXXXXX3793
B1565,P1703,AI243,2026-02-06 11:37:36.952,CANCELLED,20D,67e7e3f13b608d83,XXXXXX3185
B1566,P1496,SJ174,2025-10-08 11:37:36.952,CONFIRMED,29F,f0dfec3624cdf323,XXXXXX6762
B1567,P1402,SJ079,2025-11-13 11:37:36.952,PENDING,9A,69894c1e35507e1e,XXXXXX1070
B1568,P1322,UK097,2025-12-21 11:37:36.952,CONFIRMED,21A,24800ceb3518540a,XXXXXX2658
B1569,P1209,AI013,2025-12-26 11:37:36.952,CANCELLED,14E,bde76617aed6e1b1,XXXXXX3310
B1570,P1614,UK196,2025-11-21 11:37:36.952,CANCELLED,25E,9a2cfb0ffd1ddd28,XXXXXX2605
B1571,P1328,SJ213,2025-11-06 11:37:36.952,CONFIRMED,2C,21b1466e5bb3ede3,XXXXXX7878
B1572,P1371,UK119,2025-05-26 11:37:36.952,CONFIRMED,5D,41907cd612ad4210,XXXXXX5075
B1573,P1459,AI043,2026-03-18 11:37:36.952,PENDING,19B,9c9120184b4c628e,XXXXXX3229
B1574,P1132,AI043,2025-04-29 11:37:36.952,CANCELLED,18A,23905c137d433255,XXXXXX9310
B1575,P1834,AI143,2025-06-16 11:37:36.952,CANCELLED,2B,1461dedbafd2ce38,XXXXXX6952
B1576,P1650,SJ032,2025-10-20 11:37:36.952,UNKNOWN,6F,ba32be1e4f8d0175,XXXXXX0459
B1577,P1120,6F050,2026-01-24 11:37:36.952,CONFIRMED,23A,e6367b17b1ec5e99,XXXXXX7918
B1578,P1605,AI134,2025-12-25 11:37:36.952,PENDING,6B,d1f0879d5c34c3cd,XXXXXX9506
B1579,P1451,6F182,2025-04-24 11:37:36.952,CONFIRMED,28E,b1b932e57d22e464,XXXXXX9676
B1580,P1964,SJ086,2025-10-08 11:37:36.952,CONFIRMED,20D,b067f8e50aad1cae,XXXXXX8537
B1581,P1128,6F170,2025-08-06 11:37:36.952,CONFIRMED,3D,0ddaa10a7c3fb789,XXXXXX9860
B1582,P1090,UK168,2025-04-24 11:37:36.952,PENDING,34B,a403fac48dfd07a2,XXXXXX9275
B1583,P1603,SJ072,2026-02-22 11:37:36.952,UNKNOWN,33D,77c89c2770d7b897,XXXXXX0940
B1584,P1574,UK075,2025-04-28 11:37:36.952,CANCELLED,21C,529ef9152bd4d4d6,XXXXXX7633
B1585,P1028,6F233,2026-01-08 11:37:36.952,CANCELLED,1C,1c5526e52b8ae6e2,XXXXXX9970
B1586,P1721,SJ143,2025-11-13 11:37:36.952,CANCELLED,25B,0a77cf8459a8d384,XXXXXX4180
B1587,P1523,SJ246,2025-06-28 11:37:36.952,PENDING,34E,c7cd9db778657d71,XXXXXX4298
B1588,P1332,SJ247,2025-11-04 11:37:36.952,CONFIRMED,10B,6f1f77c31bde3429,XXXXXX1813
B1589,P1296,UK157,2025-08-31 11:37:36.952,PENDING,3D,056de7fbab4178c1,XXXXXX8641
B1590,P1129,UK069,2026-04-01 11:37:36.952,CONFIRMED,25B,911eb51ed279cf60,XXXXXX8124
B1591,P1292,AI106,2025-11-20 11:37:36.952,CANCELLED,8A,ee108bfbf7e1bb2d,XXXXXX3665
B1592,P1172,UK085,2025-11-17 11:37:36.952,CONFIRMED,24F,8c62a07bc8945bec,XXXXXX0691
B1593,P1719,6F087,2025-09-24 11:37:36.952,UNKNOWN,1A,11e0435e36b03ea6,XXXXXX6311
B1594,P1943,AI067,2025-06-01 11:37:36.952,CONFIRMED,25E,756c11802ba5efc4,XXXXXX0775
B1595,P1023,6F226,2026-01-07 11:37:36.952,PENDING,4E,27ea8221c7ee2149,XXXXXX5375
B1596,P1098,SJ210,2025-12-20 11:37:36.952,CONFIRMED,15E,34b2b6d4465998c3,XXXXXX7815
B1597,P1405,6F269,2025-10-23 11:37:36.952,CONFIRMED,33A,9f8fa58907e3f83a,XXXXXX6201
B1598,P1355,UK013,2026-01-02 11:37:36.952,CONFIRMED,11B,363bcf221c5238bf,XXXXXX4577
B1599,P1138,UK013,2025-09-30 11:37:36.952,PENDING,9E,ca131e0d05104625,XXXXXX6733
B1600,P1502,UK143,2025-07-20 11:37:36.952,PENDING,2C,33f938aec8f44851,XXXXXX9966
B1601,P1825,6F262,2025-09-07 11:37:36.952,PENDING,28D,e42c17c6e6541139,XXXXXX8100
B1602,P1173,6F042,2025-07-07 11:37:36.952,UNKNOWN,2A,6d3a5b47d558ba39,XXXXXX9344
B1603,P1028,SJ118,2025-12-06 11:37:36.952,CANCELLED,17E,a215703158317966,XXXXXX8468
B1604,P1930,SJ118,2025-11-17 11:37:36.952,CANCELLED,3C,cd86978554eb625b,XXXXXX9471
B1605,P1495,SJ082,2025-10-03 11:37:36.952,CANCELLED,6C,43f5f32130465f5a,XXXXXX8238
B1606,P1654,6F015,2025-07-18 11:37:36.952,CONFIRMED,23E,eced5527ecd7ed9c,XXXXXX0192
B1607,P1827,AI101,2026-02-02 11:37:36.952,UNKNOWN,30F,2e4ec20a2a7bdefd,XXXXXX3146
B1608,P1350,SJ110,2025-06-28 11:37:36.952,CANCELLED,10B,99c33404fca9884b,XXXXXX6165
B1609,P1553,SJ042,2025-10-21 11:37:36.952,CANCELLED,19D,d635aa66589a5768,XXXXXX5414
B1610,P1298,6F145,2025-10-13 11:37:36.952,CONFIRMED,27A,22ea192500200a4c,XXXXXX3593
B1611,P1719,UK029,2026-01-05 11:37:36.952,CANCELLED,14C,fd9b2bccd254ce99,XXXXXX4892
B1612,P1841,SJ200,2025-04-18 11:37:36.952,CANCELLED,28C,1db317477d234762,XXXXXX3103
B1613,P1944,SJ209,2026-01-29 11:37:36.952,CONFIRMED,6A,3da1a7e6e9e9759c,XXXXXX0449
B1614,P1191,AI116,2025-05-11 11:37:36.952,UNKNOWN,30B,e9d01dbda3ef8e00,XXXXXX0528
B1615,P1671,6F117,2025-05-23 11:37:36.952,CANCELLED,33B,8dfecc2c2e0e8a87,XXXXXX8111
B1616,P1063,SJ181,2025-12-23 11:37:36.952,PENDING,17A,6205c125d42309bf,XXXXXX1327
B1617,P1754,AI070,2025-05-10 11:37:36.952,UNKNOWN,18A,8fdb85bce30d222b,XXXXXX8704
B1618,P1769,AI070,2026-01-19 11:37:36.952,CONFIRMED,1B,06492e11cb25d1f1,XXXXXX9430
B1619,P1663,UK042,2026-02-05 11:37:36.952,PENDING,13A,ae1ae134050583e5,XXXXXX2740
B1620,P1214,AI169,2026-02-24 11:37:36.952,PENDING,1B,56e5b8019cea5841,XXXXXX9727
B1621,P1833,6F021,2025-12-21 11:37:36.952,PENDING,27A,48eb5979b4c95f1b,XXXXXX3445
B1622,P1165,SJ046,2025-06-23 11:37:36.952,PENDING,19F,97dd280d89f5920a,XXXXXX2713
B1623,P1542,AI211,2025-08-17 11:37:36.952,CANCELLED,22B,0503f37c5eac8acf,XXXXXX0353
B1624,P1882,SJ091,2025-12-20 11:37:36.952,CANCELLED,34F,6f696e31da58a42d,XXXXXX5944
B1625,P1231,AI123,2026-04-05 11:37:36.952,PENDING,7D,88ee1b157fde98af,XXXXXX8999
B1626,P1793,6F053,2025-04-17 11:37:36.952,CANCELLED,25C,11af09fc03bc5131,XXXXXX3732
B1627,P1540,UK012,2026-01-09 11:37:36.952,PENDING,27E,6a02de3e055b9d8c,XXXXXX8394
B1628,P1194,6F023,2025-11-25 11:37:36.952,PENDING,33A,b77c677b487887e8,XXXXXX1638
B1629,P1505,AI250,2026-01-02 11:37:36.952,CONFIRMED,11A,e1ee46a64f99add6,XXXXXX5072
B1630,P1333,AI238,2026-04-07 11:37:36.952,PENDING,26F,eaf4c1d26773c159,XXXXXX2269
B1631,P1767,UK096,2026-02-17 11:37:36.952,CANCELLED,24F,1e732b3dc2e7bbd4,XXXXXX8353
B1632,P1792,UK126,2026-03-30 11:37:36.952,PENDING,1D,ac1d854324277b78,XXXXXX0781
B1633,P1303,SJ195,2025-08-30 11:37:36.952,CONFIRMED,8E,e39a86d0d4eb1687,XXXXXX1769
B1634,P1832,SJ171,2025-12-25 11:37:36.952,CANCELLED,1C,f1522328e0b5fb1f,XXXXXX5198
B1635,P1436,AI136,2025-08-14 11:37:36.952,UNKNOWN,7C,cd4ec948cbca692f,XXXXXX1859
B1636,P1322,SJ192,2025-05-27 11:37:36.952,CONFIRMED,22B,78d2f62f42f75de6,XXXXXX4980
B1637,P1501,6F035,2025-12-01 11:37:36.952,PENDING,27C,049d4e2ce5df2a2e,XXXXXX0528
B1638,P1857,UK088,2026-02-23 11:37:36.952,CONFIRMED,22C,bc56e78a64e77202,XXXXXX4781
B1639,P1913,6F009,2025-09-14 11:37:36.952,CONFIRMED,24E,fb5323c7813062b8,XXXXXX3873
B1640,P1392,6F004,2026-01-28 11:37:36.952,CANCELLED,30B,720511d46c44186f,XXXXXX4451
B1641,P1805,UK122,2026-03-27 11:37:36.952,UNKNOWN,28D,046a6c5d4b2a9844,XXXXXX9571
B1642,P1598,AI251,2026-02-15 11:37:36.952,PENDING,4E,e97d96d86f8df0a4,XXXXXX6644
B1643,P1148,AI027,2026-02-04 11:37:36.952,PENDING,14A,6dd3fc0948884bd4,XXXXXX3774
B1644,P1760,SJ165,2025-10-20 11:37:36.952,PENDING,20E,2a7c45f0e71a1e3a,XXXXXX5792
B1645,P1832,UK081,2025-08-16 11:37:36.952,CONFIRMED,17D,0928b2a03abd694a,XXXXXX7529
B1646,P1404,UK191,2025-09-27 11:37:36.952,CANCELLED,28C,6d7fa4993ca99d39,XXXXXX4076
B1647,P1282,SJ188,2025-11-06 11:37:36.952,PENDING,14F,cd2003e974756d0d,XXXXXX0840
B1648,P1361,6F016,2025-08-09 11:37:36.952,CONFIRMED,33D,3c9a8bd22bff51ca,XXXXXX8368
B1649,P1378,6F064,2026-04-05 11:37:36.952,PENDING,4F,94f43510f00abfee,XXXXXX3414
B1650,P1197,SJ105,2026-04-03 11:37:36.952,UNKNOWN,10D,d2b428995e389aa3,XXXXXX1933
B1651,P1555,SJ054,2025-09-09 11:37:36.952,CANCELLED,21B,52af7b6268f1e577,XXXXXX8199
B1652,P1355,6F197,2025-12-19 11:37:36.952,PENDING,23C,f757b9ed383a0c7a,XXXXXX0269
B1653,P1539,AI040,2026-03-26 11:37:36.952,CANCELLED,31B,9b933532e7c0c35f,XXXXXX4504
B1654,P1428,AI131,2025-08-14 11:37:36.952,UNKNOWN,31A,f953497d9ad8434c,XXXXXX6787
B1655,P1016,6F141,2025-10-09 11:37:36.952,PENDING,7D,003765d196aaa71a,XXXXXX4650
B1656,P1638,UK035,2025-05-12 11:37:36.952,CONFIRMED,26E,b14fa5a1ba94c10c,XXXXXX9841
B1657,P1378,AI005,2025-08-28 11:37:36.952,CONFIRMED,12B,7cfdabcfb9ea4ed1,XXXXXX9851
B1658,P1679,AI001,2025-06-22 11:37:36.952,CONFIRMED,18D,991c1ce2f3447111,XXXXXX5091
B1659,P1505,UK211,2026-01-17 11:37:36.952,PENDING,6D,cf9fbe56cd274e92,XXXXXX1131
B1660,P1755,SJ189,2026-04-04 11:37:36.952,CANCELLED,12D,d45a33e65cff507b,XXXXXX4370
B1661,P1898,UK006,2025-04-21 11:37:36.952,PENDING,18D,0acf643be4b9470a,XXXXXX6864
B1662,P1075,6F189,2025-10-13 11:37:36.952,CONFIRMED,17A,de5e05eba6d7e332,XXXXXX8498
B1663,P1230,AI133,2025-05-16 11:37:36.952,CANCELLED,15B,75bae1e80cab1eea,XXXXXX6291
B1664,P1715,SJ216,2025-11-08 11:37:36.952,CONFIRMED,25B,323c756827222acb,XXXXXX3111
B1665,P1961,SJ133,2026-03-04 11:37:36.952,CANCELLED,29D,985cd2eda3a9f9a5,XXXXXX0703
B1666,P1247,UK082,2026-03-05 11:37:36.952,PENDING,32C,cc8e3ab350fdd53e,XXXXXX0106
B1667,P1301,6F136,2026-02-16 11:37:36.952,CANCELLED,32C,a1160319f0bcf35f,XXXXXX0625
B1668,P1725,6F039,2025-04-30 11:37:36.952,PENDING,3B,b0807db835be950d,XXXXXX9908
B1669,P1214,AI011,2025-06-16 11:37:36.952,CONFIRMED,3E,5b587193fc5ea7e4,XXXXXX6069
B1670,P1157,SJ225,2025-05-12 11:37:36.952,CANCELLED,16C,a152b86c8649a5b6,XXXXXX1026
B1671,P1068,SJ024,2025-07-08 11:37:36.952,CONFIRMED,22C,7f970189682036e6,XXXXXX8950
B1672,P1392,AI109,2025-08-01 11:37:36.952,CANCELLED,14E,00847d67f2cd145c,XXXXXX1994
B1673,P1084,AI147,2025-06-12 11:37:36.952,UNKNOWN,28B,6a8e4711f453569b,XXXXXX2711
B1674,P1266,UK057,2025-11-03 11:37:36.952,CANCELLED,18C,89be02555b1e21a1,XXXXXX5782
B1675,P1068,6F111,2025-08-01 11:37:36.952,CANCELLED,9A,eaa8a92b20b2a61e,XXXXXX1692
B1676,P1610,AI197,2026-04-14 11:37:36.952,PENDING,24C,6fdb296aab49c35f,XXXXXX1522
B1677,P1346,UK127,2026-01-31 11:37:36.952,PENDING,29C,e96221b55dfdafbf,XXXXXX6384
B1678,P1961,6F240,2025-12-31 11:37:36.952,PENDING,24B,5f8f26cff9e98840,XXXXXX5813
B1679,P1727,6F257,2025-08-17 11:37:36.952,CANCELLED,25A,6109c0eaa5895ad8,XXXXXX8728
B1680,P1926,AI253,2026-03-19 11:37:36.952,UNKNOWN,11F,cea853fa4210a64d,XXXXXX3589
B1681,P1672,SJ135,2026-04-02 11:37:36.952,CANCELLED,15C,5a85b7927e38774e,XXXXXX5577
B1682,P1422,UK112,2025-07-10 11:37:36.952,CANCELLED,20B,2ccfc726332dab60,XXXXXX0562
B1683,P1605,AI050,2025-08-07 11:37:36.952,CONFIRMED,9C,099c7bd8d677bea3,XXXXXX4031
B1684,P1173,UK060,2025-11-18 11:37:36.952,PENDING,8E,0fccda9621720993,XXXXXX4337
B1685,P1676,SJ183,2025-05-15 11:37:36.952,CANCELLED,25E,a130e70ed8f26deb,XXXXXX9394
B1686,P1114,UK138,2025-11-17 11:37:36.952,CONFIRMED,23E,328ffd790ebfeb10,XXXXXX5076
B1687,P1219,SJ071,2025-10-12 11:37:36.952,PENDING,22F,37eb35bd6520c3db,XXXXXX8889
B1688,P1955,AI057,2025-06-14 11:37:36.952,PENDING,9D,03b6db16e31ad318,XXXXXX6032
B1689,P1030,SJ151,2025-07-10 11:37:36.952,CANCELLED,20B,9b89274730aa94f4,XXXXXX9943
B1690,P1522,SJ144,2025-06-28 11:37:36.952,PENDING,12C,1163cd753333286b,XXXXXX5739
B1691,P1342,SJ087,2026-01-23 11:37:36.952,PENDING,12E,b31763ac1158728a,XXXXXX8246
B1692,P1376,SJ066,2026-04-02 11:37:36.952,CONFIRMED,18A,fef8ff9832da9d8e,XXXXXX4649
B1693,P1129,AI247,2026-01-02 11:37:36.952,CONFIRMED,11F,7666023db0303ae7,XXXXXX9241
B1694,P1999,SJ102,2026-04-01 11:37:36.952,PENDING,24D,dbb94bdb2813f7b5,XXXXXX2013
B1695,P1616,6F252,2026-04-13 11:37:36.952,CONFIRMED,4F,5811a87e91b1ddc5,XXXXXX6531
B1696,P1538,6F055,2025-11-28 11:37:36.952,PENDING,11C,0065a8480f204ba1,XXXXXX1789
B1697,P1738,AI204,2025-11-12 11:37:36.952,CANCELLED,34B,4b324676dc144015,XXXXXX1258
B1698,P1001,AI016,2026-02-02 11:37:36.952,CONFIRMED,31D,cc033991fba8353e,XXXXXX9640
B1699,P1870,AI209,2025-12-11 11:37:36.952,PENDING,15D,78b68fa79bce8287,XXXXXX5089
B1700,P1100,SJ211,2026-01-04 11:37:36.952,PENDING,14B,f51f504322265a14,XXXXXX1891
B1701,P1532,6F103,2025-10-16 11:37:36.952,CONFIRMED,13F,fb7d2ada44ceac23,XXXXXX1575
B1702,P1057,UK182,2025-04-22 11:37:36.952,CONFIRMED,31F,379caa9d48f24eab,XXXXXX2340
B1703,P1388,6F264,2025-12-25 11:37:36.952,CANCELLED,19B,c549fa5e5bb54dc6,XXXXXX8483
B1704,P1691,6F027,2025-07-23 11:37:36.952,PENDING,29A,522812f27f99d4e3,XXXXXX3747
B1705,P1940,UK198,2026-01-31 11:37:36.952,CANCELLED,3B,588086d254c2cbd7,XXXXXX4029
B1706,P1340,6F171,2025-09-07 11:37:36.952,CANCELLED,15C,f73743d525adbf30,XXXXXX1687
B1707,P1860,AI004,2025-07-05 11:37:36.952,CANCELLED,1B,f96b404de76485e3,XXXXXX9365
B1708,P1019,6F157,2025-11-22 11:37:36.952,CONFIRMED,3C,9080135d64b24d7f,XXXXXX0743
B1709,P1254,AI018,2025-10-03 11:37:36.952,CANCELLED,22B,097fed4c4da1c3bc,XXXXXX0661
B1710,P1316,UK098,2025-08-05 11:37:36.952,CONFIRMED,21E,49355bf85de46633,XXXXXX0381
B1711,P1037,6F167,2026-01-29 11:37:36.952,UNKNOWN,4C,5e82f24559d92c87,XXXXXX4431
B1712,P1659,AI228,2025-09-06 11:37:36.952,CANCELLED,17C,0710028a19f32a62,XXXXXX9130
B1713,P1536,SJ242,2025-08-31 11:37:36.952,CANCELLED,17D,b2a55a375f284983,XXXXXX1328
B1714,P1385,6F227,2025-12-11 11:37:36.952,PENDING,34C,b29cf3e2092da357,XXXXXX1002
B1715,P1632,6F037,2025-08-27 11:37:36.952,CANCELLED,20C,5b7c129762044ea8,XXXXXX9547
B1716,P1927,6F107,2025-12-22 11:37:36.952,PENDING,28A,87919cbdf7fc9670,XXXXXX6925
B1717,P1025,SJ125,2025-11-06 11:37:36.952,CANCELLED,14A,d2b7b3d783c843a3,XXXXXX7746
B1718,P1453,UK117,2025-06-17 11:37:36.952,CANCELLED,9B,73b704e9a0c8928b,XXXXXX7696
B1719,P1680,6F192,2025-11-12 11:37:36.952,CANCELLED,29E,42a5a3e1a792c63a,XXXXXX5025
B1720,P1322,AI201,2025-11-27 11:37:36.952,CANCELLED,27B,6a5cfb9c175a5f50,XXXXXX2378
B1721,P1736,SJ126,2026-03-25 11:37:36.952,PENDING,21A,9e6fdba009ab3b38,XXXXXX8415
B1722,P1512,AI177,2026-02-10 11:37:36.952,PENDING,5E,87fb3243a2c94b70,XXXXXX4457
B1723,P1818,AI092,2025-12-23 11:37:36.952,CANCELLED,26B,ee3b3ef949bcae42,XXXXXX1969
B1724,P1772,6F076,2025-10-10 11:37:36.952,CANCELLED,11D,1b1554153ebb89c4,XXXXXX4296
B1725,P1012,AI185,2025-04-29 11:37:36.952,PENDING,1E,064f26cf5e8cb769,XXXXXX0747
B1726,P1914,AI055,2025-05-14 11:37:36.952,CONFIRMED,2B,e42a34bb690b8c3b,XXXXXX0806
B1727,P1907,6F222,2026-03-15 11:37:36.952,CONFIRMED,27D,4681605f1fd824c6,XXXXXX1375
B1728,P1559,AI090,2025-12-12 11:37:36.952,CONFIRMED,1C,c60fe86b2e2b9129,XXXXXX8503
B1729,P1920,AI183,2025-06-03 11:37:36.952,PENDING,4F,905e38968af7c078,XXXXXX5835
B1730,P1824,AI041,2025-04-29 11:37:36.952,PENDING,25F,a76b5f40d73e2147,XXXXXX3732
B1731,P1370,6F210,2025-07-12 11:37:36.952,CONFIRMED,25F,ac0f139f548bbc86,XXXXXX6891
B1732,P1290,AI170,2026-01-15 11:37:36.952,CONFIRMED,3A,40ec5f80844a3cab,XXXXXX0707
B1733,P1331,SJ008,2026-04-16 11:37:36.952,CANCELLED,2E,48ccfdfdd28e7f9a,XXXXXX8779
B1734,P1605,AI049,2025-09-29 11:37:36.952,PENDING,27E,6d9f75e752cbb54a,XXXXXX8705
B1735,P1260,SJ132,2025-05-12 11:37:36.952,PENDING,34E,469f32de1c630928,XXXXXX7116
B1736,P1993,SJ224,2026-01-26 11:37:36.952,CONFIRMED,28E,a1414de05f489b74,XXXXXX9849
B1737,P1789,UK038,2025-06-11 11:37:36.952,CONFIRMED,1E,d100843c27e17a1c,XXXXXX5244
B1738,P1870,SJ220,2025-08-14 11:37:36.952,PENDING,27B,dbf6d7f11ff92fda,XXXXXX3803
B1739,P1204,6F124,2025-06-29 11:37:36.952,CANCELLED,34F,bb3015e416723217,XXXXXX2522
B1740,P1696,SJ164,2025-11-16 11:37:36.952,CONFIRMED,14D,f9edd8e1f3a56812,XXXXXX7652
B1741,P1686,AI026,2025-05-18 11:37:36.952,PENDING,18E,3888ac991cdf00cf,XXXXXX9579
B1742,P1949,6F144,2025-09-14 11:37:36.952,PENDING,16D,fe2d7db5348837d2,XXXXXX2145
B1743,P1386,6F137,2025-11-21 11:37:36.952,UNKNOWN,6F,982ee8c3eadbaa37,XXXXXX2137
B1744,P1891,UK139,2025-09-05 11:37:36.952,CANCELLED,10A,db94068d571c0763,XXXXXX1410
B1745,P1820,UK139,2025-05-20 11:37:36.952,CONFIRMED,27B,0fec738ba6a262ac,XXXXXX1103
B1746,P1467,SJ140,2025-08-31 11:37:36.952,CONFIRMED,34D,e19f675110539767,XXXXXX8793
B1747,P1414,6F131,2025-04-20 11:37:36.952,CONFIRMED,9F,431cb9136f3176f3,XXXXXX2405
B1748,P1068,UK128,2025-11-15 11:37:36.952,PENDING,9A,0524f996684bacd9,XXXXXX9749
B1749,P1471,SJ219,2026-02-19 11:37:36.952,CONFIRMED,23D,440106e68af34106,XXXXXX6991
B1750,P1103,SJ159,2025-09-21 11:37:36.952,PENDING,33D,815f034d64cecef3,XXXXXX2935
B1751,P1757,UK192,2025-09-19 11:37:36.952,CONFIRMED,17E,bfd506c1942e8109,XXXXXX8441
B1752,P1160,AI014,2025-08-13 11:37:36.952,CANCELLED,34F,5ce23f885df2c64e,XXXXXX6711
B1753,P1199,SJ152,2025-08-08 11:37:36.952,CANCELLED,5C,0e0f48c6440cfd4e,XXXXXX3127
B1754,P1215,SJ060,2026-02-11 11:37:36.952,PENDING,3C,b0b57de40679dfa4,XXXXXX2758
B1755,P1945,AI127,2026-02-17 11:37:36.952,CANCELLED,10F,77c961bfff027f21,XXXXXX8329
B1756,P1211,SJ096,2026-01-27 11:37:36.952,PENDING,11F,46d53c2509c38667,XXXXXX1838
B1757,P1507,AI215,2025-04-24 11:37:36.952,PENDING,22B,589f38fb081992e5,XXXXXX7329
B1758,P1015,UK009,2026-02-28 11:37:36.952,CANCELLED,26B,0dd5ca9944d6e02f,XXXXXX6016
B1759,P1497,AI171,2025-10-26 11:37:36.952,PENDING,16F,95bffcfbed887410,XXXXXX8264
B1760,P1883,UK151,2026-01-14 11:37:36.952,CANCELLED,31B,d6933e392de6af28,XXXXXX3665
B1761,P1331,AI099,2025-05-22 11:37:36.952,CONFIRMED,15A,4c4530497a7f1d6a,XXXXXX7364
B1762,P1716,UK050,2025-06-04 11:37:36.952,CONFIRMED,32B,fb4002881b5de090,XXXXXX7986
B1763,P1876,UK092,2025-10-06 11:37:36.952,CANCELLED,3B,0be87d743bc81143,XXXXXX6964
B1764,P1550,SJ058,2025-06-20 11:37:36.952,CANCELLED,13B,f3844d1ccd1f309a,XXXXXX7667
B1765,P1600,SJ090,2025-12-21 11:37:36.952,CANCELLED,1C,d0f9b1bcf340dc86,XXXXXX3223
B1766,P1941,6F173,2025-09-07 11:37:36.952,CANCELLED,1F,ae5fc8fc0d3da7d5,XXXXXX3967
B1767,P1255,AI186,2025-11-19 11:37:36.952,CONFIRMED,6D,3f64c8aab9bb3007,XXXXXX8557
B1768,P1991,AI130,2026-03-23 11:37:36.952,PENDING,13C,3c057374c23cfd50,XXXXXX3715
B1769,P1765,SJ111,2025-11-23 11:37:36.952,UNKNOWN,6F,a10efc69550d7fa4,XXXXXX9187
B1770,P1727,6F203,2025-08-04 11:37:36.952,CONFIRMED,8D,17706c70f39d7039,XXXXXX4847
B1771,P1879,6F138,2025-05-24 11:37:36.952,PENDING,1F,55fb6a915590ad23,XXXXXX1929
B1772,P1814,6F109,2025-08-29 11:37:36.952,UNKNOWN,10B,a4294b1d71d867a7,XXXXXX0379
B1773,P1171,AI074,2026-01-01 11:37:36.952,PENDING,16E,a9b956816b118859,XXXXXX2633
B1774,P1648,UK161,2026-01-07 11:37:36.952,CANCELLED,1B,ca7f7123091ae978,XXXXXX8399
B1775,P1999,AI008,2025-06-19 11:37:36.952,CANCELLED,14B,0ce6fcbd44c748b2,XXXXXX5751
B1776,P1497,UK121,2025-12-27 11:37:36.952,CANCELLED,17A,8a29e9216047bc65,XXXXXX4805
B1777,P1470,6F154,2025-04-26 11:37:36.952,CONFIRMED,11A,8fa2e2382119d0b9,XXXXXX2332
B1778,P1383,6F161,2025-08-01 11:37:36.952,CONFIRMED,10D,f7b910cfb346a5c8,XXXXXX3333
B1779,P1689,6F153,2026-02-01 11:37:36.952,PENDING,22B,cca00e4c22f0010f,XXXXXX8308
B1780,P1588,6F225,2026-02-10 11:37:36.952,PENDING,11B,0383f9c2723ceac8,XXXXXX0421
B1781,P1699,AI191,2026-02-09 11:37:36.952,PENDING,18C,3a4e9f98ad07096b,XXXXXX6256
B1782,P1506,AI218,2025-08-18 11:37:36.952,CONFIRMED,25F,c384a90c696885af,XXXXXX4515
B1783,P1991,6F267,2025-09-28 11:37:36.952,PENDING,25D,d799f0c13a61bb59,XXXXXX0935
B1784,P1526,UK125,2025-08-20 11:37:36.952,CANCELLED,1B,77780213a166571a,XXXXXX5181
B1785,P1803,6F208,2025-08-19 11:37:36.952,PENDING,1B,b3ead891bc17195c,XXXXXX6443
B1786,P1830,6F119,2026-02-12 11:37:36.952,CANCELLED,26B,4d73a97535ef5d04,XXXXXX4345
B1787,P1324,AI063,2025-07-11 11:37:36.952,CONFIRMED,1E,f4316eadc883c174,XXXXXX6387
B1788,P1213,UK016,2025-06-05 11:37:36.952,CANCELLED,2B,cec57733b44bcb6e,XXXXXX9612
B1789,P1207,6F048,2026-01-13 11:37:36.952,CANCELLED,30F,e0efed958595fb0c,XXXXXX9133
B1790,P1168,6F266,2025-04-23 11:37:36.952,CANCELLED,28A,6139ba8f0180601d,XXXXXX5551
B1791,P1329,AI167,2026-02-24 11:37:36.952,CONFIRMED,3C,6be5f2613c7fa9bd,XXXXXX4040
B1792,P1279,6F165,2026-01-17 11:37:36.952,CONFIRMED,8E,df12378c02937b4b,XXXXXX4900
B1793,P1977,SJ104,2025-11-25 11:37:36.952,CONFIRMED,14C,6ae7eacd5ed33915,XXXXXX6899
B1794,P1304,UK160,2025-06-26 11:37:36.952,CONFIRMED,8D,9d70da4648c67970,XXXXXX2055
B1795,P1145,UK160,2026-03-21 11:37:36.952,PENDING,9C,8116c4eb2aa3816b,XXXXXX1256
B1796,P1774,SJ230,2025-11-28 11:37:36.952,CONFIRMED,9B,b38eda06fcc24530,XXXXXX4004
B1797,P1515,AI042,2025-06-03 11:37:36.952,CANCELLED,1A,04fe15a11b89b06b,XXXXXX9536
B1798,P1089,UK197,2025-05-16 11:37:36.952,CONFIRMED,23E,d6cb3b31df35b802,XXXXXX7952
B1799,P1452,AI107,2026-02-05 11:37:36.952,PENDING,16E,5d2fd2a16372307f,XXXXXX3044
B1800,P1059,SJ128,2025-08-22 11:37:36.952,PENDING,7F,4e0f4468d102d215,XXXXXX2677
B1801,P1310,6F121,2026-04-14 11:37:36.952,PENDING,34F,c783659555cdc943,XXXXXX4800
B1802,P1527,AI111,2025-06-30 11:37:36.952,UNKNOWN,16B,79205709b268b626,XXXXXX6611
B1803,P1226,SJ137,2026-02-21 11:37:36.952,CONFIRMED,24F,341acb821c479e11,XXXXXX2358
B1804,P1473,AI232,2025-11-12 11:37:36.952,CONFIRMED,1F,af09b1de96aea81b,XXXXXX7409
B1805,P1977,SJ113,2025-10-26 11:37:36.952,CONFIRMED,14B,6beda2bbc89ce9e4,XXXXXX0072
B1806,P1540,AI117,2025-08-02 11:37:36.952,CANCELLED,17A,f98304dede66d996,XXXXXX5917
B1807,P1662,6F185,2025-06-28 11:37:36.952,CANCELLED,12C,cc98ad5a4d01d5e2,XXXXXX0544
B1808,P1756,AI194,2026-01-26 11:37:36.952,PENDING,3B,d8c69d0baa8328ec,XXXXXX8184
B1809,P1781,UK045,2026-04-09 11:37:36.952,PENDING,13B,c02c26422b92f433,XXXXXX6068
B1810,P1078,6F228,2026-03-20 11:37:36.952,CONFIRMED,34B,76bf23bc50a37829,XXXXXX6421
B1811,P1432,SJ190,2026-04-04 11:37:36.952,CANCELLED,25A,a3f59ccd73955ac3,XXXXXX0858
B1812,P1800,AI156,2026-01-06 11:37:36.952,CANCELLED,8A,b308999ab9dcf9a2,XXXXXX5943
B1813,P1152,AI104,2025-04-21 11:37:36.952,UNKNOWN,9D,10f78deb593dded1,XXXXXX9254
B1814,P1788,UK033,2025-06-22 11:37:36.952,CONFIRMED,26C,7833c7f6213f5177,XXXXXX2354
B1815,P1400,UK137,2025-05-01 11:37:36.952,PENDING,3C,7d5d12fca1359a9a,XXXXXX2431
B1816,P1278,UK214,2025-06-21 11:37:36.952,PENDING,20F,cf3c25efdac9d8f7,XXXXXX0724
B1817,P1056,6F033,2025-06-07 11:37:36.952,PENDING,28D,46ebd4f0ae1eb5e5,XXXXXX5836
B1818,P1976,AI114,2025-11-07 11:37:36.952,CONFIRMED,26B,93a1e90ebb1a9162,XXXXXX6645
B1819,P1185,AI017,2026-01-19 11:37:36.952,CONFIRMED,21E,ec9269d1db9e6c6a,XXXXXX3150
B1820,P1397,6F244,2025-12-01 11:37:36.952,PENDING,18E,5411c4d3f05b670e,XXXXXX9804
B1821,P1604,6F160,2025-11-27 11:37:36.952,PENDING,1C,eb58536c29f58d01,XXXXXX1814
B1822,P1787,6F088,2026-01-05 11:37:36.952,CANCELLED,17D,9feadefb4ec5e586,XXXXXX4944
B1823,P1157,6F155,2025-11-26 11:37:36.952,CANCELLED,19E,a274e7de7bfad4e0,XXXXXX9978
B1824,P1786,AI095,2026-04-15 11:37:36.952,PENDING,9B,77c02d40ab9d8941,XXXXXX9591
B1825,P1692,6F139,2025-05-17 11:37:36.952,PENDING,5E,14ff458b503dd213,XXXXXX3447
B1826,P1358,6F101,2025-07-11 11:37:36.952,CANCELLED,19A,8eae1f658bd6254c,XXXXXX1324
B1827,P1439,AI054,2025-06-23 11:37:36.952,PENDING,20D,057c51cb0fd9c536,XXXXXX8662
B1828,P1588,SJ094,2025-05-18 11:37:36.952,CANCELLED,25B,7fc587559d6179db,XXXXXX0685
B1829,P1465,6F217,2026-01-15 11:37:36.952,CANCELLED,4E,e0f82c28b2e5bd74,XXXXXX4517
B1830,P1662,6F100,2026-04-15 11:37:36.952,CANCELLED,23C,24e6e7c2af4508fa,XXXXXX1529
B1831,P1445,6F081,2026-02-05 11:37:36.952,CONFIRMED,21C,5091967480542cb8,XXXXXX6991
B1832,P1749,SJ156,2025-06-17 11:37:36.952,CONFIRMED,4D,dadf4a816e3dd8a4,XXXXXX2142
B1833,P1800,6F060,2025-06-07 11:37:36.952,PENDING,27D,9b892062dcba65c0,XXXXXX4267
B1834,P1742,UK129,2025-08-14 11:37:36.952,CANCELLED,33E,321710c00db75ed2,XXXXXX1511
B1835,P1487,UK032,2026-02-07 11:37:36.952,CONFIRMED,2E,5a3f4641cbdefb55,XXXXXX2240
B1836,P1529,AI166,2025-09-23 11:37:36.952,PENDING,13A,23727e43e0f9da09,XXXXXX3090
B1837,P1072,SJ056,2025-10-31 11:37:36.952,PENDING,22F,307daa21e6d420e2,XXXXXX9029
B1838,P1928,SJ101,2025-06-12 11:37:36.952,PENDING,18F,c629793aa2ee3e1c,XXXXXX8297
B1839,P1927,SJ065,2025-05-09 11:37:36.952,PENDING,9C,f5509ccf995cafae,XXXXXX8494
B1840,P1700,SJ100,2025-04-19 11:37:36.952,PENDING,34A,e1a501cd82b1847a,XXXXXX6349
B1841,P1949,UK011,2025-10-24 11:37:36.952,CANCELLED,1E,fc9ac0b8ac15cc74,XXXXXX8358
B1842,P1016,6F062,2026-02-17 11:37:36.952,PENDING,3B,861452b810ea31cf,XXXXXX0123
B1843,P1530,SJ176,2025-08-15 11:37:36.952,CANCELLED,23E,3d4092adb69cc364,XXXXXX4938
B1844,P1730,6F120,2025-11-26 11:37:36.952,CONFIRMED,3B,ff00036c1c2567e9,XXXXXX6465
B1845,P1325,AI121,2026-03-05 11:37:36.952,PENDING,24A,b74791c5a9b4e4ea,XXXXXX1803
B1846,P1994,UK072,2025-08-30 11:37:36.952,CONFIRMED,34F,5b93865312f6ac5b,XXXXXX8958
B1847,P1631,AI006,2026-04-06 11:37:36.952,CANCELLED,11B,9d4d916ca5b61ca7,XXXXXX7140
B1848,P1612,SJ231,2025-05-19 11:37:36.952,CANCELLED,30D,a039d1da51c583bb,XXXXXX7655
B1849,P1545,SJ129,2025-06-24 11:37:36.952,UNKNOWN,12E,cc364250b666be01,XXXXXX6604
B1850,P1595,6F110,2025-04-21 11:37:36.952,PENDING,33B,c310703c17537b84,XXXXXX9822
B1851,P1920,6F231,2025-11-26 11:37:36.952,PENDING,2D,e40d764becf960c4,XXXXXX7673
B1852,P1707,6F095,2025-08-09 11:37:36.952,CONFIRMED,33E,7245a789296cb46d,XXXXXX6582
B1853,P1841,UK054,2025-05-05 11:37:36.952,CONFIRMED,18F,16922250805467d7,XXXXXX0990
B1854,P1201,SJ123,2025-08-10 11:37:36.952,CONFIRMED,29D,f30c37bac71a43e2,XXXXXX2192
B1855,P1343,6F006,2026-01-04 11:37:36.952,PENDING,3D,25f53dc12602d778,XXXXXX4333
B1856,P1852,UK226,2025-05-04 11:37:36.952,PENDING,4E,f1053192d4ea26a3,XXXXXX8415
B1857,P1522,AI065,2026-03-07 11:37:36.952,PENDING,17E,25a8203009b37145,XXXXXX4646
B1858,P1858,6F008,2025-11-25 11:37:36.952,UNKNOWN,10B,ef1b8ca7b153ee36,XXXXXX6025
B1859,P1399,AI195,2025-11-11 11:37:36.952,PENDING,7B,f6051af67386037b,XXXXXX3071
B1860,P1217,UK043,2025-08-01 11:37:36.952,UNKNOWN,3A,ac61f4f650df0c23,XXXXXX0640
B1861,P1444,AI125,2025-10-15 11:37:36.952,CONFIRMED,25E,78f8f1e3b804ae16,XXXXXX4769
B1862,P1764,AI089,2025-10-05 11:37:36.952,PENDING,21A,2ea439e7fe154517,XXXXXX4480
B1863,P1221,UK019,2026-02-12 11:37:36.952,CONFIRMED,22C,ba118508d23cfd3c,XXXXXX8235
B1864,P1382,UK078,2025-09-27 11:37:36.952,CANCELLED,22C,484dc1b8a28dbe50,XXXXXX9220
B1865,P1880,SJ009,2025-07-28 11:37:36.952,CANCELLED,15E,9fec8272de13f619,XXXXXX2016
B1866,P1591,UK178,2026-01-28 11:37:36.952,CONFIRMED,7A,4068df3aaafd7702,XXXXXX2871
B1867,P1006,UK018,2025-11-23 11:37:36.952,CONFIRMED,13D,142789662fb19dfe,XXXXXX4928
B1868,P1271,SJ059,2026-04-10 11:37:36.952,CANCELLED,29E,7563602f7c7e6361,XXXXXX9805
B1869,P1738,UK108,2026-02-04 11:37:36.952,CONFIRMED,19C,07bb3031370bb828,XXXXXX0712
B1870,P1015,6F045,2025-04-25 11:37:36.952,CANCELLED,5D,6d6dc931b8b56ee5,XXXXXX6506
B1871,P1423,AI144,2025-10-04 11:37:36.952,CANCELLED,23E,7f4c505305c85dc9,XXXXXX4791
B1872,P1523,AI244,2025-07-09 11:37:36.952,PENDING,26E,8761a2080be52de8,XXXXXX6502
B1873,P1802,6F265,2025-04-25 11:37:36.952,CONFIRMED,11B,174381deaaeafa44,XXXXXX8875
B1874,P1752,6F108,2026-01-26 11:37:36.952,CONFIRMED,16E,2d6bfa13b85bf40a,XXXXXX6358
B1875,P1020,6F069,2025-06-17 11:37:36.952,PENDING,17D,da4c91066a893f96,XXXXXX7200
B1876,P1689,6F072,2025-06-14 11:37:36.952,CANCELLED,18F,1ab3453f88382444,XXXXXX2552
B1877,P1938,6F096,2025-11-09 11:37:36.952,CONFIRMED,33F,5ce0acbf26bad77e,XXXXXX7284
B1878,P1227,SJ233,2025-12-31 11:37:36.952,PENDING,31D,80c9da5d511c1381,XXXXXX8597
B1879,P1784,AI203,2025-12-03 11:37:36.952,PENDING,9E,8a59cf101503cbaa,XXXXXX1228
B1880,P1287,UK147,2026-03-08 11:37:36.952,CONFIRMED,2E,6cde2eaf61506a6c,XXXXXX1556
B1881,P1808,UK039,2025-08-26 11:37:36.952,PENDING,8E,94fd45828ae2ff15,XXXXXX6710
B1882,P1133,6F216,2025-10-17 11:37:36.952,CANCELLED,18B,0da1ffdb8b257cb0,XXXXXX0189
B1883,P1983,AI214,2025-11-17 11:37:36.952,PENDING,5B,65a4137782e6e896,XXXXXX7289
B1884,P1282,UK025,2025-08-31 11:37:36.952,CANCELLED,31D,5fe6ca50b2be88db,XXXXXX0744
B1885,P1403,UK053,2025-08-10 11:37:36.952,CANCELLED,11B,4986dcb31600ed8e,XXXXXX1436
B1886,P1664,6F130,2026-02-12 11:37:36.952,UNKNOWN,9D,37fdf7ba0a944c93,XXXXXX8489
B1887,P1065,6F247,2026-03-09 11:37:36.952,PENDING,23F,1d8ce778d576ad16,XXXXXX5663
B1888,P1648,6F159,2025-12-25 11:37:36.952,CANCELLED,25C,f6595a947cbe9a00,XXXXXX2120
B1889,P1603,UK086,2026-02-24 11:37:36.952,CANCELLED,22C,184dcb1245bd6b2a,XXXXXX6194
B1890,P1436,6F102,2025-08-30 11:37:36.952,PENDING,12E,5670ce90626cd66d,XXXXXX2127
B1891,P1828,UK186,2026-01-26 11:37:36.952,CANCELLED,18D,a391a53fede3b5d4,XXXXXX5420
B1892,P1933,6F032,2025-08-24 11:37:36.952,PENDING,17F,659094dbaa598f91,XXXXXX0094
B1893,P1258,6F186,2025-08-02 11:37:36.952,CONFIRMED,19A,e0f20848b8bb7aaf,XXXXXX1916
B1894,P1979,6F106,2026-02-24 11:37:36.952,CANCELLED,4F,81c16ca43c882385,XXXXXX0425
B1895,P1965,AI021,2025-10-05 11:37:36.952,CANCELLED,14E,d9018c9c74932b30,XXXXXX7042
B1896,P1102,AI157,2025-11-30 11:37:36.952,PENDING,11F,44d8d044b2948616,XXXXXX5052
B1897,P1992,6F054,2025-11-01 11:37:36.952,PENDING,26F,dc117645174d9e0d,XXXXXX5523
B1898,P1566,AI187,2025-10-03 11:37:36.952,PENDING,10D,f1257120c8815cba,XXXXXX2963
B1899,P1768,SJ124,2025-09-28 11:37:36.952,PENDING,4B,aa679543db1b2755,XXXXXX8844
B1900,P1100,SJ223,2025-10-06 11:37:36.952,CANCELLED,11C,d7cb7c20e9dbbf1d,XXXXXX4878
B1901,P1197,UK103,2025-04-25 11:37:36.952,CONFIRMED,21A,efadb3cb65d8f9fa,XXXXXX8079
B1902,P1812,SJ157,2026-02-08 11:37:36.952,CONFIRMED,14F,3bd84e36aa792bbe,XXXXXX7410
B1903,P1225,6F242,2025-11-06 11:37:36.952,CONFIRMED,9B,d33a9eae683cf5e6,XXXXXX1530
B1904,P1942,UK213,2025-07-01 11:37:36.952,CONFIRMED,8B,3b977c1c0db9a31d,XXXXXX6866
B1905,P1462,SJ120,2026-02-13 11:37:36.952,PENDING,24B,9941176cc4a23275,XXXXXX2608
B1906,P1236,AI035,2025-08-11 11:37:36.952,CANCELLED,22B,1f161c3ee6f8293a,XXXXXX7385
B1907,P1025,6F147,2026-01-14 11:37:36.952,CANCELLED,1B,8cafce4247f837b9,XXXXXX9236
B1908,P1120,SJ229,2025-08-09 11:37:36.952,CANCELLED,23B,8f9c4c2e0d706d30,XXXXXX6686
B1909,P1909,AI230,2025-11-14 11:37:36.952,PENDING,31B,0ffc2b8dbc946c22,XXXXXX4025
B1910,P1505,UK162,2025-06-10 11:37:36.952,CANCELLED,5C,193237771d6ba6c5,XXXXXX1612
B1911,P1181,AI066,2025-05-29 11:37:36.952,PENDING,27C,26873299211291e7,XXXXXX0684
B1912,P1710,6F205,2025-09-09 11:37:36.952,CANCELLED,19D,afa770ee038c4e0c,XXXXXX3156
B1913,P1813,AI124,2025-05-24 11:37:36.952,CONFIRMED,27B,434aa195b81ea629,XXXXXX1954
B1914,P1766,UK114,2025-10-19 11:37:36.952,PENDING,20A,2f2dcbc463f1f012,XXXXXX5246
B1915,P1633,AI231,2025-06-03 11:37:36.952,CANCELLED,18B,bed6175605cd1541,XXXXXX9217
B1916,P1542,AI113,2025-10-30 11:37:36.952,CONFIRMED,7D,0524df6d0e193dc3,XXXXXX5266
B1917,P1983,UK180,2025-08-03 11:37:36.952,UNKNOWN,27A,114d8ed79c72c71b,XXXXXX6057
B1918,P1314,UK180,2025-10-07 11:37:36.952,CONFIRMED,2B,e84c377dca8faedc,XXXXXX0050
B1919,P1990,6F080,2026-03-17 11:37:36.952,PENDING,7C,2f42d97645142d7b,XXXXXX2300
B1920,P1796,SJ095,2025-05-11 11:37:36.952,PENDING,14A,93310b3867a33ef8,XXXXXX8435
B1921,P1617,SJ115,2025-04-24 11:37:36.952,CANCELLED,21F,74ba83a9ebf8f24b,XXXXXX9707
B1922,P1735,AI142,2025-05-14 11:37:36.952,CONFIRMED,7D,4e812aa1b4dc78cc,XXXXXX3869
B1923,P1272,UK169,2025-11-28 11:37:36.952,CANCELLED,33F,9902a482f37b6694,XXXXXX2115
B1924,P1909,SJ041,2025-05-04 11:37:36.952,CANCELLED,27D,d3fda50835c21b49,XXXXXX2973
B1925,P1231,UK171,2025-04-20 11:37:36.952,CONFIRMED,7D,68c7f10b84da34d9,XXXXXX0232
B1926,P1419,AI081,2025-11-27 11:37:36.952,CANCELLED,18F,2898aa0c03a98082,XXXXXX7004
B1927,P1767,AI162,2026-01-28 11:37:36.952,PENDING,27D,3483da7caa6a1933,XXXXXX2307
B1928,P1441,SJ037,2026-01-23 11:37:36.952,CANCELLED,6F,fc50166f75ef5d8a,XXXXXX6146
B1929,P1495,SJ037,2025-11-05 11:37:36.952,CONFIRMED,6A,51f522a89908ba70,XXXXXX0448
B1930,P1023,UK080,2025-12-16 11:37:36.952,PENDING,3B,7db1328f99fdd960,XXXXXX3639
B1931,P1108,SJ031,2025-09-26 11:37:36.952,PENDING,16C,1d18f9407175d2c7,XXXXXX9946
B1932,P1702,AI199,2025-12-28 11:37:36.952,CANCELLED,4B,7cc699befe82cc58,XXXXXX4441
B1933,P1501,6F082,2025-05-28 11:37:36.952,CANCELLED,7B,ce45122987cf0747,XXXXXX3805
B1934,P1858,UK217,2026-04-12 11:37:36.952,PENDING,9F,77340e812e2b8cd4,XXXXXX5807
B1935,P1024,UK014,2026-04-13 11:37:36.952,CANCELLED,6C,390ddc16b4862c6f,XXXXXX3421
B1936,P1186,SJ180,2026-01-11 11:37:36.952,CONFIRMED,14D,e519c4acf85d4230,XXXXXX0382
B1937,P1287,6F268,2026-02-19 11:37:36.952,CANCELLED,16E,663a1e38138d777f,XXXXXX5218
B1938,P1627,UK205,2026-04-07 11:37:36.952,CANCELLED,19B,29bf23ab2cae7757,XXXXXX4643
B1939,P1337,SJ212,2025-07-22 11:37:36.952,PENDING,22B,b9cbc15282a6c8c0,XXXXXX9435
B1940,P1877,UK052,2025-06-25 11:37:36.952,CANCELLED,17C,f6bc7deb04770d03,XXXXXX1855
B1941,P1913,UK230,2025-06-13 11:37:36.952,CANCELLED,19D,4088de4bbac2fb02,XXXXXX5442
B1942,P1036,AI145,2025-07-18 11:37:36.952,CANCELLED,23D,259ee4952076372d,XXXXXX6625
B1943,P1793,SJ035,2026-03-13 11:37:36.952,CONFIRMED,7E,b95d861f4ccf165a,XXXXXX2940
B1944,P1136,SJ184,2025-07-20 11:37:36.952,CANCELLED,10B,be2adb7e64c5391a,XXXXXX9984
B1945,P1507,6F207,2025-11-03 11:37:36.952,CONFIRMED,24A,f94e7ba5b26654bb,XXXXXX8592
B1946,P1226,UK144,2026-03-30 11:37:36.952,CONFIRMED,15A,c36107990e1b7559,XXXXXX6602
B1947,P1319,AI126,2025-10-22 11:37:36.952,CONFIRMED,1A,da1723d332f1cdb0,XXXXXX1615
B1948,P1839,SJ145,2025-05-19 11:37:36.952,CONFIRMED,10A,36d439ba1d63887c,XXXXXX4234
B1949,P1915,6F040,2025-05-16 11:37:36.952,PENDING,15B,b567cd29ae4e070d,XXXXXX7188
B1950,P1181,UK049,2025-06-15 11:37:36.952,CONFIRMED,21B,e8f116e48589501d,XXXXXX9225
B1951,P1873,UK049,2026-03-18 11:37:36.952,CANCELLED,3F,223cbc43cd25d3e6,XXXXXX9796
B1952,P1085,AI087,2025-10-18 11:37:36.952,CONFIRMED,2C,a115d98724da86b6,XXXXXX4789
B1953,P1466,AI152,2025-05-24 11:37:36.952,CANCELLED,19A,eef8e4fdde153318,XXXXXX2480
B1954,P1925,SJ240,2025-11-06 11:37:36.952,CONFIRMED,2A,21504d576f6fd2c8,XXXXXX2001
B1955,P1052,AI212,2025-09-14 11:37:36.952,PENDING,22B,c5a2297a9c2796dd,XXXXXX5387
B1956,P1859,AI064,2025-09-21 11:37:36.952,CONFIRMED,3B,fd0f7d57cad17870,XXXXXX9169
B1957,P1866,6F093,2025-06-07 11:37:36.952,CONFIRMED,32E,d9d6df3dc78ca542,XXXXXX7600
B1958,P1234,AI118,2025-04-28 11:37:36.952,PENDING,29C,7a7443abad04552e,XXXXXX6511
B1959,P1958,AI172,2025-12-19 11:37:36.952,CONFIRMED,23D,3700c31cdd0fe106,XXXXXX7933
B1960,P1778,6F183,2026-01-30 11:37:36.952,CANCELLED,27E,692ca22b402071cd,XXXXXX8946
B1961,P1798,6F200,2025-07-15 11:37:36.952,CONFIRMED,28A,db7078d3d2904a8e,XXXXXX4518
B1962,P1432,SJ077,2025-12-23 11:37:36.952,CONFIRMED,18C,c3cb245168346f98,XXXXXX9246
B1963,P1495,UK030,2026-02-24 11:37:36.952,CONFIRMED,27F,2e9cfc0146237c7a,XXXXXX8001
B1964,P1998,SJ232,2025-05-21 11:37:36.952,PENDING,18B,545b10be8e488979,XXXXXX2887
B1965,P1099,6F090,2026-01-29 11:37:36.952,CONFIRMED,20D,342e0bed8eef9747,XXXXXX9379
B1966,P1989,UK002,2025-11-06 11:37:36.952,CONFIRMED,12B,0f679e92681caf5d,XXXXXX0512
B1967,P1598,AI154,2025-07-03 11:37:36.952,CANCELLED,22C,d9fe58e55cf12837,XXXXXX3141
B1968,P1402,6F089,2025-10-11 11:37:36.952,CONFIRMED,2D,e966a7a0cef5c6a7,XXXXXX4142
B1969,P1395,6F218,2026-04-08 11:37:36.952,CONFIRMED,29A,2b0c52158f045890,XXXXXX5719
B1970,P1526,6F241,2025-11-26 11:37:36.952,CONFIRMED,12B,170ce0d3693c6116,XXXXXX5066
B1971,P1414,6F116,2025-08-20 11:37:36.952,CONFIRMED,2B,7f98f4e91fcb4b1b,XXXXXX9642
B1972,P1938,UK199,2025-04-18 11:37:36.952,CANCELLED,19B,6ab2931e727d97db,XXXXXX8516
B1973,P1612,SJ033,2025-04-28 11:37:36.952,CANCELLED,8C,d13ca3fdd5b3f4f7,XXXXXX3057
B1974,P1676,AI210,2025-08-03 11:37:36.952,PENDING,15B,29d6e65317fcf751,XXXXXX3035
B1975,P1462,UK148,2025-08-26 11:37:36.952,UNKNOWN,20E,2ec38ec5fcf8c41a,XXXXXX9630
B1976,P1540,AI229,2025-08-27 11:37:36.952,PENDING,16F,bb25748a9531d34f,XXXXXX3619
B1977,P1625,UK005,2026-01-01 11:37:36.952,PENDING,4A,1ce94f3ec202b6fd,XXXXXX4286
B1978,P1618,SJ080,2025-12-07 11:37:36.952,CONFIRMED,12C,a26ccd54fda2d343,XXXXXX7464
B1979,P1921,SJ092,2025-12-02 11:37:36.952,CANCELLED,1F,5fe32f055630f91a,XXXXXX0698
B1980,P1363,SJ055,2025-12-04 11:37:36.952,CANCELLED,15A,e7369cd54de4734a,XXXXXX7348
B1981,P1129,AI239,2025-05-17 11:37:36.952,CONFIRMED,19D,4ba15a3728e6a58e,XXXXXX2612
B1982,P1083,6F162,2025-06-17 11:37:36.952,UNKNOWN,7A,0d9ccb94b821d03f,XXXXXX6975
B1983,P1270,UK101,2025-06-28 11:37:36.952,UNKNOWN,27A,df0c547869e938d2,XXXXXX7066
B1984,P1243,6F198,2025-04-25 11:37:36.952,CONFIRMED,27F,88338a9a1f4d4251,XXXXXX7129
B1985,P1387,6F239,2025-09-28 11:37:36.952,CONFIRMED,31F,03b70cf1c3bde05e,XXXXXX3192
B1986,P1213,SJ177,2025-10-07 11:37:36.952,CONFIRMED,13F,c2229488260842c0,XXXXXX2114
B1987,P1817,6F044,2026-03-12 11:37:36.952,CANCELLED,19F,8bc12fa14a031a07,XXXXXX0463
B1988,P1165,6F248,2026-02-17 11:37:36.952,PENDING,13A,20fa5c224d0f4a73,XXXXXX0464
B1989,P1790,6F002,2025-12-10 11:37:36.952,UNKNOWN,16F,0e687695240298d1,XXXXXX6840
B1990,P1058,SJ197,2026-03-31 11:37:36.952,CONFIRMED,14B,e46738e0872c3d13,XXXXXX8281
B1991,P1601,UK091,2026-01-14 11:37:36.952,CANCELLED,22E,618f572f123ea5b5,XXXXXX0428
B1992,P1882,6F215,2025-04-25 11:37:36.952,CONFIRMED,25C,a31f66b5510285e5,XXXXXX2908
B1993,P1842,AI093,2026-03-11 11:37:36.952,CANCELLED,5B,78f4c929bc665928,XXXXXX9255
B1994,P1923,UK090,2026-03-31 11:37:36.952,CONFIRMED,21D,e2cd45fc485ca59a,XXXXXX0874
B1995,P1503,SJ005,2025-11-20 11:37:36.952,CANCELLED,11C,e84333db180490db,XXXXXX8644
B1996,P1705,UK106,2025-08-08 11:37:36.952,CANCELLED,27E,abe873f41a3d1454,XXXXXX9827
B1997,P1122,6F223,2025-05-03 11:37:36.952,PENDING,27B,1ca6b7f3ba412e34,XXXXXX6636
B1998,P1647,6F011,2025-10-23 11:37:36.952,CONFIRMED,14C,5e62ccb21134955f,XXXXXX5033
B1999,P1412,UK124,2025-08-08 11:37:36.952,UNKNOWN,12B,8647c3130f17a6f1,XXXXXX2188
